Command line invocation:
    /Applications/Xcode.app/Contents/Developer/usr/bin/xcodebuild test -scheme SwiftJLI -destination platform=macOS,arch=arm64 -derivedDataPath /Users/suresh/Documents/Codex/2026-09-18/create-coding-agents-to-start-work/work/swift64/xcode/SwiftJLI/DerivedData -resultBundlePath /Users/suresh/Documents/Codex/2026-09-18/create-coding-agents-to-start-work/work/swift64/xcode/SwiftJLI/Tests.xcresult -parallel-testing-enabled NO -jobs 2 CODE_SIGNING_ALLOWED=NO

Build settings from command line:
    CODE_SIGNING_ALLOWED = NO

Resolve Package Graph
2026-09-19 03:46:40.146 xcodebuild[13591:2775813] [MT] IDERunDestination: Supported platforms for the buildables in the current scheme is empty.


Resolved source packages:
  SwiftJLI: /Users/suresh/Documents/Codex/2026-09-18/create-coding-agents-to-start-work/outputs/SwiftJLI

Writing result bundle at path:
	/Users/suresh/Documents/Codex/2026-09-18/create-coding-agents-to-start-work/work/swift64/xcode/SwiftJLI/Tests.xcresult

--- xcodebuild: WARNING: Using the first of multiple matching destinations:
{ platform:macOS, arch:arm64, id:REDACTED-HARDWARE-ID, name:My Mac }
{ platform:macOS, arch:arm64, variant:Mac Catalyst, id:REDACTED-HARDWARE-ID, name:My Mac }
{ platform:macOS, arch:arm64, variant:DriverKit, id:REDACTED-HARDWARE-ID, name:My Mac }
{ platform:macOS, arch:arm64, variant:Designed for [iPad,iPhone], id:REDACTED-HARDWARE-ID, name:My Mac }
Build Preparation
Build task concurrency set to 2 via user default IDEBuildOperationMaxNumberOfConcurrentCompileTasks

ComputePackagePrebuildTargetDependencyGraph

Prepare packages

CreateBuildRequest

SendProjectDescription

CreateBuildOperation

ComputeTargetDependencyGraph
note: Building targets in dependency order
note: Target dependency graph (3 targets)
    Target 'SwiftJLI-product' in project 'SwiftJLI'
        ➜ Explicit dependency on target 'SwiftJLI' in project 'SwiftJLI'
    Target 'SwiftJLITests-product' in project 'SwiftJLI'
        ➜ Explicit dependency on target 'SwiftJLI' in project 'SwiftJLI'
    Target 'SwiftJLI' in project 'SwiftJLI' (no dependencies)

GatherProvisioningInputs

CreateBuildDescription

ExecuteExternalTool /Applications/Xcode.app/Contents/Developer/Toolchains/XcodeDefault.xctoolchain/usr/bin/clang -v -E -dM -isysroot /Applications/Xcode.app/Contents/Developer/Platforms/MacOSX.platform/Developer/SDKs/MacOSX27.0.sdk -x c -c /dev/null

ExecuteExternalTool /Applications/Xcode.app/Contents/Developer/Toolchains/XcodeDefault.xctoolchain/usr/bin/swiftc --version

ExecuteExternalTool /Applications/Xcode.app/Contents/Developer/Toolchains/XcodeDefault.xctoolchain/usr/bin/ld -version_details

Build description signature: fb62b419b0bbe15d657243d21c440815
Build description path: /Users/suresh/Documents/Codex/2026-09-18/create-coding-agents-to-start-work/work/swift64/xcode/SwiftJLI/DerivedData/Build/Intermediates.noindex/XCBuildData/fb62b419b0bbe15d657243d21c440815.xcbuilddata
CreateBuildDirectory /Users/suresh/Documents/Codex/2026-09-18/create-coding-agents-to-start-work/work/swift64/xcode/SwiftJLI/DerivedData/SDKExplicitPrecompiledModules
    cd /Users/suresh/Documents/Codex/2026-09-18/create-coding-agents-to-start-work/outputs/SwiftJLI/.swiftpm/xcode
    builtin-create-build-directory /Users/suresh/Documents/Codex/2026-09-18/create-coding-agents-to-start-work/work/swift64/xcode/SwiftJLI/DerivedData/SDKExplicitPrecompiledModules

CreateBuildDirectory /Users/suresh/Documents/Codex/2026-09-18/create-coding-agents-to-start-work/work/swift64/xcode/SwiftJLI/DerivedData/ModuleCache.noindex
    cd /Users/suresh/Documents/Codex/2026-09-18/create-coding-agents-to-start-work/outputs/SwiftJLI/.swiftpm/xcode
    builtin-create-build-directory /Users/suresh/Documents/Codex/2026-09-18/create-coding-agents-to-start-work/work/swift64/xcode/SwiftJLI/DerivedData/ModuleCache.noindex

CreateBuildDirectory /Users/suresh/Documents/Codex/2026-09-18/create-coding-agents-to-start-work/work/swift64/xcode/SwiftJLI/DerivedData/CompilationCache.noindex
    cd /Users/suresh/Documents/Codex/2026-09-18/create-coding-agents-to-start-work/outputs/SwiftJLI/.swiftpm/xcode
    builtin-create-build-directory /Users/suresh/Documents/Codex/2026-09-18/create-coding-agents-to-start-work/work/swift64/xcode/SwiftJLI/DerivedData/CompilationCache.noindex

CreateBuildDirectory /Users/suresh/Documents/Codex/2026-09-18/create-coding-agents-to-start-work/work/swift64/xcode/SwiftJLI/DerivedData/Build/Products
    cd /Users/suresh/Documents/Codex/2026-09-18/create-coding-agents-to-start-work/outputs/SwiftJLI/.swiftpm/xcode
    builtin-create-build-directory /Users/suresh/Documents/Codex/2026-09-18/create-coding-agents-to-start-work/work/swift64/xcode/SwiftJLI/DerivedData/Build/Products

CreateBuildDirectory /Users/suresh/Documents/Codex/2026-09-18/create-coding-agents-to-start-work/work/swift64/xcode/SwiftJLI/DerivedData/Build/Intermediates.noindex
    cd /Users/suresh/Documents/Codex/2026-09-18/create-coding-agents-to-start-work/outputs/SwiftJLI/.swiftpm/xcode
    builtin-create-build-directory /Users/suresh/Documents/Codex/2026-09-18/create-coding-agents-to-start-work/work/swift64/xcode/SwiftJLI/DerivedData/Build/Intermediates.noindex

ClangStatCache /Applications/Xcode.app/Contents/Developer/Toolchains/XcodeDefault.xctoolchain/usr/bin/clang-stat-cache /Applications/Xcode.app/Contents/Developer/Platforms/MacOSX.platform/Developer/SDKs/MacOSX27.0.sdk /Users/suresh/Documents/Codex/2026-09-18/create-coding-agents-to-start-work/work/swift64/xcode/SwiftJLI/DerivedData/SDKStatCaches.noindex/macosx27.0-26A425-e829b21a6f8c9b70876ba0858053c0447231f6df4def33e022ae2eb8f782df1a.sdkstatcache
    cd /Users/suresh/Documents/Codex/2026-09-18/create-coding-agents-to-start-work/outputs/SwiftJLI/.swiftpm/xcode
    /Applications/Xcode.app/Contents/Developer/Toolchains/XcodeDefault.xctoolchain/usr/bin/clang-stat-cache /Applications/Xcode.app/Contents/Developer/Platforms/MacOSX.platform/Developer/SDKs/MacOSX27.0.sdk -o /Users/suresh/Documents/Codex/2026-09-18/create-coding-agents-to-start-work/work/swift64/xcode/SwiftJLI/DerivedData/SDKStatCaches.noindex/macosx27.0-26A425-e829b21a6f8c9b70876ba0858053c0447231f6df4def33e022ae2eb8f782df1a.sdkstatcache

CreateBuildDirectory /Users/suresh/Documents/Codex/2026-09-18/create-coding-agents-to-start-work/work/swift64/xcode/SwiftJLI/DerivedData/Build/Intermediates.noindex/SwiftExplicitPrecompiledModules
    cd /Users/suresh/Documents/Codex/2026-09-18/create-coding-agents-to-start-work/outputs/SwiftJLI/.swiftpm/xcode
    builtin-create-build-directory /Users/suresh/Documents/Codex/2026-09-18/create-coding-agents-to-start-work/work/swift64/xcode/SwiftJLI/DerivedData/Build/Intermediates.noindex/SwiftExplicitPrecompiledModules

CreateBuildDirectory /Users/suresh/Documents/Codex/2026-09-18/create-coding-agents-to-start-work/work/swift64/xcode/SwiftJLI/DerivedData/Build/Products/Debug
    cd /Users/suresh/Documents/Codex/2026-09-18/create-coding-agents-to-start-work/outputs/SwiftJLI/.swiftpm/xcode
    builtin-create-build-directory /Users/suresh/Documents/Codex/2026-09-18/create-coding-agents-to-start-work/work/swift64/xcode/SwiftJLI/DerivedData/Build/Products/Debug

CreateBuildDirectory /Users/suresh/Documents/Codex/2026-09-18/create-coding-agents-to-start-work/work/swift64/xcode/SwiftJLI/DerivedData/Build/Intermediates.noindex/PrecompiledHeaders
    cd /Users/suresh/Documents/Codex/2026-09-18/create-coding-agents-to-start-work/outputs/SwiftJLI/.swiftpm/xcode
    builtin-create-build-directory /Users/suresh/Documents/Codex/2026-09-18/create-coding-agents-to-start-work/work/swift64/xcode/SwiftJLI/DerivedData/Build/Intermediates.noindex/PrecompiledHeaders

CreateBuildDirectory /Users/suresh/Documents/Codex/2026-09-18/create-coding-agents-to-start-work/work/swift64/xcode/SwiftJLI/DerivedData/Build/Products/Debug/PackageFrameworks
    cd /Users/suresh/Documents/Codex/2026-09-18/create-coding-agents-to-start-work/outputs/SwiftJLI/.swiftpm/xcode
    builtin-create-build-directory /Users/suresh/Documents/Codex/2026-09-18/create-coding-agents-to-start-work/work/swift64/xcode/SwiftJLI/DerivedData/Build/Products/Debug/PackageFrameworks

CreateBuildDirectory /Users/suresh/Documents/Codex/2026-09-18/create-coding-agents-to-start-work/work/swift64/xcode/SwiftJLI/DerivedData/Build/Intermediates.noindex/ExplicitPrecompiledModules
    cd /Users/suresh/Documents/Codex/2026-09-18/create-coding-agents-to-start-work/outputs/SwiftJLI/.swiftpm/xcode
    builtin-create-build-directory /Users/suresh/Documents/Codex/2026-09-18/create-coding-agents-to-start-work/work/swift64/xcode/SwiftJLI/DerivedData/Build/Intermediates.noindex/ExplicitPrecompiledModules

CreateBuildDirectory /Users/suresh/Documents/Codex/2026-09-18/create-coding-agents-to-start-work/work/swift64/xcode/SwiftJLI/DerivedData/Build/Intermediates.noindex/EagerLinkingTBDs/Debug
    cd /Users/suresh/Documents/Codex/2026-09-18/create-coding-agents-to-start-work/outputs/SwiftJLI/.swiftpm/xcode
    builtin-create-build-directory /Users/suresh/Documents/Codex/2026-09-18/create-coding-agents-to-start-work/work/swift64/xcode/SwiftJLI/DerivedData/Build/Intermediates.noindex/EagerLinkingTBDs/Debug

WriteAuxiliaryFile /Users/suresh/Documents/Codex/2026-09-18/create-coding-agents-to-start-work/work/swift64/xcode/SwiftJLI/DerivedData/Build/Intermediates.noindex/SwiftJLI.build/Debug/SwiftJLITests-p.build/empty-SwiftJLITests.plist (in target 'SwiftJLITests-product' from project 'SwiftJLI')
    cd /Users/suresh/Documents/Codex/2026-09-18/create-coding-agents-to-start-work/outputs/SwiftJLI
    write-file /Users/suresh/Documents/Codex/2026-09-18/create-coding-agents-to-start-work/work/swift64/xcode/SwiftJLI/DerivedData/Build/Intermediates.noindex/SwiftJLI.build/Debug/SwiftJLITests-p.build/empty-SwiftJLITests.plist

WriteAuxiliaryFile /Users/suresh/Documents/Codex/2026-09-18/create-coding-agents-to-start-work/work/swift64/xcode/SwiftJLI/DerivedData/Build/Intermediates.noindex/SwiftJLI.build/Debug/SwiftJLITests-p.build/SwiftJLITests.DependencyStaticMetadataFileList (in target 'SwiftJLITests-product' from project 'SwiftJLI')
    cd /Users/suresh/Documents/Codex/2026-09-18/create-coding-agents-to-start-work/outputs/SwiftJLI
    write-file /Users/suresh/Documents/Codex/2026-09-18/create-coding-agents-to-start-work/work/swift64/xcode/SwiftJLI/DerivedData/Build/Intermediates.noindex/SwiftJLI.build/Debug/SwiftJLITests-p.build/SwiftJLITests.DependencyStaticMetadataFileList

WriteAuxiliaryFile /Users/suresh/Documents/Codex/2026-09-18/create-coding-agents-to-start-work/work/swift64/xcode/SwiftJLI/DerivedData/Build/Intermediates.noindex/SwiftJLI.build/Debug/SwiftJLITests-p.build/SwiftJLITests.DependencyMetadataFileList (in target 'SwiftJLITests-product' from project 'SwiftJLI')
    cd /Users/suresh/Documents/Codex/2026-09-18/create-coding-agents-to-start-work/outputs/SwiftJLI
    write-file /Users/suresh/Documents/Codex/2026-09-18/create-coding-agents-to-start-work/work/swift64/xcode/SwiftJLI/DerivedData/Build/Intermediates.noindex/SwiftJLI.build/Debug/SwiftJLITests-p.build/SwiftJLITests.DependencyMetadataFileList

WriteAuxiliaryFile /Users/suresh/Documents/Codex/2026-09-18/create-coding-agents-to-start-work/work/swift64/xcode/SwiftJLI/DerivedData/Build/Intermediates.noindex/SwiftJLI.build/Debug/SwiftJLITests-p.build/Objects-normal/arm64/SwiftJLITests_const_extract_protocols.json (in target 'SwiftJLITests-product' from project 'SwiftJLI')
    cd /Users/suresh/Documents/Codex/2026-09-18/create-coding-agents-to-start-work/outputs/SwiftJLI
    write-file /Users/suresh/Documents/Codex/2026-09-18/create-coding-agents-to-start-work/work/swift64/xcode/SwiftJLI/DerivedData/Build/Intermediates.noindex/SwiftJLI.build/Debug/SwiftJLITests-p.build/Objects-normal/arm64/SwiftJLITests_const_extract_protocols.json

WriteAuxiliaryFile /Users/suresh/Documents/Codex/2026-09-18/create-coding-agents-to-start-work/work/swift64/xcode/SwiftJLI/DerivedData/Build/Intermediates.noindex/SwiftJLI.build/Debug/SwiftJLITests-p.build/Objects-normal/arm64/SwiftJLITests.SwiftFileList (in target 'SwiftJLITests-product' from project 'SwiftJLI')
    cd /Users/suresh/Documents/Codex/2026-09-18/create-coding-agents-to-start-work/outputs/SwiftJLI
    write-file /Users/suresh/Documents/Codex/2026-09-18/create-coding-agents-to-start-work/work/swift64/xcode/SwiftJLI/DerivedData/Build/Intermediates.noindex/SwiftJLI.build/Debug/SwiftJLITests-p.build/Objects-normal/arm64/SwiftJLITests.SwiftFileList

WriteAuxiliaryFile /Users/suresh/Documents/Codex/2026-09-18/create-coding-agents-to-start-work/work/swift64/xcode/SwiftJLI/DerivedData/Build/Intermediates.noindex/SwiftJLI.build/Debug/SwiftJLITests-p.build/Objects-normal/arm64/SwiftJLITests.SwiftConstValuesFileList (in target 'SwiftJLITests-product' from project 'SwiftJLI')
    cd /Users/suresh/Documents/Codex/2026-09-18/create-coding-agents-to-start-work/outputs/SwiftJLI
    write-file /Users/suresh/Documents/Codex/2026-09-18/create-coding-agents-to-start-work/work/swift64/xcode/SwiftJLI/DerivedData/Build/Intermediates.noindex/SwiftJLI.build/Debug/SwiftJLITests-p.build/Objects-normal/arm64/SwiftJLITests.SwiftConstValuesFileList

WriteAuxiliaryFile /Users/suresh/Documents/Codex/2026-09-18/create-coding-agents-to-start-work/work/swift64/xcode/SwiftJLI/DerivedData/Build/Intermediates.noindex/SwiftJLI.build/Debug/SwiftJLITests-p.build/Objects-normal/arm64/SwiftJLITests.LinkFileList (in target 'SwiftJLITests-product' from project 'SwiftJLI')
    cd /Users/suresh/Documents/Codex/2026-09-18/create-coding-agents-to-start-work/outputs/SwiftJLI
    write-file /Users/suresh/Documents/Codex/2026-09-18/create-coding-agents-to-start-work/work/swift64/xcode/SwiftJLI/DerivedData/Build/Intermediates.noindex/SwiftJLI.build/Debug/SwiftJLITests-p.build/Objects-normal/arm64/SwiftJLITests.LinkFileList

WriteAuxiliaryFile /Users/suresh/Documents/Codex/2026-09-18/create-coding-agents-to-start-work/work/swift64/xcode/SwiftJLI/DerivedData/Build/Intermediates.noindex/SwiftJLI.build/Debug/SwiftJLITests-p.build/Objects-normal/arm64/SwiftJLITests-OutputFileMap.json (in target 'SwiftJLITests-product' from project 'SwiftJLI')
    cd /Users/suresh/Documents/Codex/2026-09-18/create-coding-agents-to-start-work/outputs/SwiftJLI
    write-file /Users/suresh/Documents/Codex/2026-09-18/create-coding-agents-to-start-work/work/swift64/xcode/SwiftJLI/DerivedData/Build/Intermediates.noindex/SwiftJLI.build/Debug/SwiftJLITests-p.build/Objects-normal/arm64/SwiftJLITests-OutputFileMap.json

WriteAuxiliaryFile /Users/suresh/Documents/Codex/2026-09-18/create-coding-agents-to-start-work/work/swift64/xcode/SwiftJLI/DerivedData/Build/Intermediates.noindex/SwiftJLI.build/Debug/SwiftJLI-t.build/SwiftJLI.modulemap (in target 'SwiftJLI' from project 'SwiftJLI')
    cd /Users/suresh/Documents/Codex/2026-09-18/create-coding-agents-to-start-work/outputs/SwiftJLI
    write-file /Users/suresh/Documents/Codex/2026-09-18/create-coding-agents-to-start-work/work/swift64/xcode/SwiftJLI/DerivedData/Build/Intermediates.noindex/SwiftJLI.build/Debug/SwiftJLI-t.build/SwiftJLI.modulemap

WriteAuxiliaryFile /Users/suresh/Documents/Codex/2026-09-18/create-coding-agents-to-start-work/work/swift64/xcode/SwiftJLI/DerivedData/Build/Intermediates.noindex/SwiftJLI.build/Debug/SwiftJLI-t.build/SwiftJLI.DependencyStaticMetadataFileList (in target 'SwiftJLI' from project 'SwiftJLI')
    cd /Users/suresh/Documents/Codex/2026-09-18/create-coding-agents-to-start-work/outputs/SwiftJLI
    write-file /Users/suresh/Documents/Codex/2026-09-18/create-coding-agents-to-start-work/work/swift64/xcode/SwiftJLI/DerivedData/Build/Intermediates.noindex/SwiftJLI.build/Debug/SwiftJLI-t.build/SwiftJLI.DependencyStaticMetadataFileList

WriteAuxiliaryFile /Users/suresh/Documents/Codex/2026-09-18/create-coding-agents-to-start-work/work/swift64/xcode/SwiftJLI/DerivedData/Build/Intermediates.noindex/SwiftJLI.build/Debug/SwiftJLI-t.build/SwiftJLI.DependencyMetadataFileList (in target 'SwiftJLI' from project 'SwiftJLI')
    cd /Users/suresh/Documents/Codex/2026-09-18/create-coding-agents-to-start-work/outputs/SwiftJLI
    write-file /Users/suresh/Documents/Codex/2026-09-18/create-coding-agents-to-start-work/work/swift64/xcode/SwiftJLI/DerivedData/Build/Intermediates.noindex/SwiftJLI.build/Debug/SwiftJLI-t.build/SwiftJLI.DependencyMetadataFileList

WriteAuxiliaryFile /Users/suresh/Documents/Codex/2026-09-18/create-coding-agents-to-start-work/work/swift64/xcode/SwiftJLI/DerivedData/Build/Intermediates.noindex/SwiftJLI.build/Debug/SwiftJLI-t.build/Objects-normal/arm64/SwiftJLI_const_extract_protocols.json (in target 'SwiftJLI' from project 'SwiftJLI')
    cd /Users/suresh/Documents/Codex/2026-09-18/create-coding-agents-to-start-work/outputs/SwiftJLI
    write-file /Users/suresh/Documents/Codex/2026-09-18/create-coding-agents-to-start-work/work/swift64/xcode/SwiftJLI/DerivedData/Build/Intermediates.noindex/SwiftJLI.build/Debug/SwiftJLI-t.build/Objects-normal/arm64/SwiftJLI_const_extract_protocols.json

WriteAuxiliaryFile /Users/suresh/Documents/Codex/2026-09-18/create-coding-agents-to-start-work/work/swift64/xcode/SwiftJLI/DerivedData/Build/Intermediates.noindex/SwiftJLI.build/Debug/SwiftJLI-t.build/Objects-normal/arm64/SwiftJLI.SwiftFileList (in target 'SwiftJLI' from project 'SwiftJLI')
    cd /Users/suresh/Documents/Codex/2026-09-18/create-coding-agents-to-start-work/outputs/SwiftJLI
    write-file /Users/suresh/Documents/Codex/2026-09-18/create-coding-agents-to-start-work/work/swift64/xcode/SwiftJLI/DerivedData/Build/Intermediates.noindex/SwiftJLI.build/Debug/SwiftJLI-t.build/Objects-normal/arm64/SwiftJLI.SwiftFileList

WriteAuxiliaryFile /Users/suresh/Documents/Codex/2026-09-18/create-coding-agents-to-start-work/work/swift64/xcode/SwiftJLI/DerivedData/Build/Intermediates.noindex/SwiftJLI.build/Debug/SwiftJLI-t.build/Objects-normal/arm64/SwiftJLI.SwiftConstValuesFileList (in target 'SwiftJLI' from project 'SwiftJLI')
    cd /Users/suresh/Documents/Codex/2026-09-18/create-coding-agents-to-start-work/outputs/SwiftJLI
    write-file /Users/suresh/Documents/Codex/2026-09-18/create-coding-agents-to-start-work/work/swift64/xcode/SwiftJLI/DerivedData/Build/Intermediates.noindex/SwiftJLI.build/Debug/SwiftJLI-t.build/Objects-normal/arm64/SwiftJLI.SwiftConstValuesFileList

WriteAuxiliaryFile /Users/suresh/Documents/Codex/2026-09-18/create-coding-agents-to-start-work/work/swift64/xcode/SwiftJLI/DerivedData/Build/Intermediates.noindex/SwiftJLI.build/Debug/SwiftJLI-t.build/Objects-normal/arm64/SwiftJLI.LinkFileList (in target 'SwiftJLI' from project 'SwiftJLI')
    cd /Users/suresh/Documents/Codex/2026-09-18/create-coding-agents-to-start-work/outputs/SwiftJLI
    write-file /Users/suresh/Documents/Codex/2026-09-18/create-coding-agents-to-start-work/work/swift64/xcode/SwiftJLI/DerivedData/Build/Intermediates.noindex/SwiftJLI.build/Debug/SwiftJLI-t.build/Objects-normal/arm64/SwiftJLI.LinkFileList

WriteAuxiliaryFile /Users/suresh/Documents/Codex/2026-09-18/create-coding-agents-to-start-work/work/swift64/xcode/SwiftJLI/DerivedData/Build/Intermediates.noindex/SwiftJLI.build/Debug/SwiftJLI-t.build/Objects-normal/arm64/SwiftJLI-OutputFileMap.json (in target 'SwiftJLI' from project 'SwiftJLI')
    cd /Users/suresh/Documents/Codex/2026-09-18/create-coding-agents-to-start-work/outputs/SwiftJLI
    write-file /Users/suresh/Documents/Codex/2026-09-18/create-coding-agents-to-start-work/work/swift64/xcode/SwiftJLI/DerivedData/Build/Intermediates.noindex/SwiftJLI.build/Debug/SwiftJLI-t.build/Objects-normal/arm64/SwiftJLI-OutputFileMap.json

Copy /Users/suresh/Documents/Codex/2026-09-18/create-coding-agents-to-start-work/work/swift64/xcode/SwiftJLI/DerivedData/Build/Intermediates.noindex/GeneratedModuleMaps/SwiftJLI.modulemap /Users/suresh/Documents/Codex/2026-09-18/create-coding-agents-to-start-work/work/swift64/xcode/SwiftJLI/DerivedData/Build/Intermediates.noindex/SwiftJLI.build/Debug/SwiftJLI-t.build/SwiftJLI.modulemap (in target 'SwiftJLI' from project 'SwiftJLI')
    cd /Users/suresh/Documents/Codex/2026-09-18/create-coding-agents-to-start-work/outputs/SwiftJLI
    builtin-copy -exclude .DS_Store -exclude CVS -exclude .svn -exclude .git -exclude .hg -resolve-src-symlinks /Users/suresh/Documents/Codex/2026-09-18/create-coding-agents-to-start-work/work/swift64/xcode/SwiftJLI/DerivedData/Build/Intermediates.noindex/SwiftJLI.build/Debug/SwiftJLI-t.build/SwiftJLI.modulemap /Users/suresh/Documents/Codex/2026-09-18/create-coding-agents-to-start-work/work/swift64/xcode/SwiftJLI/DerivedData/Build/Intermediates.noindex/GeneratedModuleMaps

MkDir /Users/suresh/Documents/Codex/2026-09-18/create-coding-agents-to-start-work/work/swift64/xcode/SwiftJLI/DerivedData/Build/Products/Debug/SwiftJLITests.xctest/Contents/MacOS (in target 'SwiftJLITests-product' from project 'SwiftJLI')
    cd /Users/suresh/Documents/Codex/2026-09-18/create-coding-agents-to-start-work/outputs/SwiftJLI
    /bin/mkdir -p /Users/suresh/Documents/Codex/2026-09-18/create-coding-agents-to-start-work/work/swift64/xcode/SwiftJLI/DerivedData/Build/Products/Debug/SwiftJLITests.xctest/Contents/MacOS

MkDir /Users/suresh/Documents/Codex/2026-09-18/create-coding-agents-to-start-work/work/swift64/xcode/SwiftJLI/DerivedData/Build/Products/Debug/SwiftJLITests.xctest/Contents (in target 'SwiftJLITests-product' from project 'SwiftJLI')
    cd /Users/suresh/Documents/Codex/2026-09-18/create-coding-agents-to-start-work/outputs/SwiftJLI
    /bin/mkdir -p /Users/suresh/Documents/Codex/2026-09-18/create-coding-agents-to-start-work/work/swift64/xcode/SwiftJLI/DerivedData/Build/Products/Debug/SwiftJLITests.xctest/Contents

MkDir /Users/suresh/Documents/Codex/2026-09-18/create-coding-agents-to-start-work/work/swift64/xcode/SwiftJLI/DerivedData/Build/Products/Debug/SwiftJLITests.xctest (in target 'SwiftJLITests-product' from project 'SwiftJLI')
    cd /Users/suresh/Documents/Codex/2026-09-18/create-coding-agents-to-start-work/outputs/SwiftJLI
    /bin/mkdir -p /Users/suresh/Documents/Codex/2026-09-18/create-coding-agents-to-start-work/work/swift64/xcode/SwiftJLI/DerivedData/Build/Products/Debug/SwiftJLITests.xctest

SwiftDriver SwiftJLI normal arm64 com.apple.xcode.tools.swift.compiler (in target 'SwiftJLI' from project 'SwiftJLI')
    cd /Users/suresh/Documents/Codex/2026-09-18/create-coding-agents-to-start-work/outputs/SwiftJLI/.swiftpm/xcode
    builtin-SwiftDriver -- /Applications/Xcode.app/Contents/Developer/Toolchains/XcodeDefault.xctoolchain/usr/bin/swiftc -parse-as-library -module-name SwiftJLI -Onone @/Users/suresh/Documents/Codex/2026-09-18/create-coding-agents-to-start-work/work/swift64/xcode/SwiftJLI/DerivedData/Build/Intermediates.noindex/SwiftJLI.build/Debug/SwiftJLI-t.build/Objects-normal/arm64/SwiftJLI.SwiftFileList -DSWIFT_PACKAGE -DDEBUG -DSWIFT_MODULE_RESOURCE_BUNDLE_UNAVAILABLE -DXcode -plugin-path /Applications/Xcode.app/Contents/Developer/Toolchains/XcodeDefault.xctoolchain/usr/lib/swift/host/plugins/testing -enable-experimental-feature DebugDescriptionMacro -sdk /Applications/Xcode.app/Contents/Developer/Platforms/MacOSX.platform/Developer/SDKs/MacOSX27.0.sdk -target arm64-apple-macos26.0 -g -module-cache-path /Users/suresh/Documents/Codex/2026-09-18/create-coding-agents-to-start-work/work/swift64/xcode/SwiftJLI/DerivedData/ModuleCache.noindex -Xfrontend -serialize-debugging-options -profile-coverage-mapping -profile-generate -enable-testing -index-store-path /Users/suresh/Documents/Codex/2026-09-18/create-coding-agents-to-start-work/work/swift64/xcode/SwiftJLI/DerivedData/Index.noindex/DataStore -Xcc -D_LIBCPP_HARDENING_MODE\=_LIBCPP_HARDENING_MODE_DEBUG -swift-version 6 -I /Users/suresh/Documents/Codex/2026-09-18/create-coding-agents-to-start-work/work/swift64/xcode/SwiftJLI/DerivedData/Build/Products/Debug -Isystem /Applications/Xcode.app/Contents/Developer/Platforms/MacOSX.platform/Developer/usr/lib -F /Users/suresh/Documents/Codex/2026-09-18/create-coding-agents-to-start-work/work/swift64/xcode/SwiftJLI/DerivedData/Build/Products/Debug -F /Applications/Xcode.app/Contents/Developer/Platforms/MacOSX.platform/Developer/Library/Frameworks -c -j18 -enable-batch-mode -incremental -Xcc -ivfsstatcache -Xcc /Users/suresh/Documents/Codex/2026-09-18/create-coding-agents-to-start-work/work/swift64/xcode/SwiftJLI/DerivedData/SDKStatCaches.noindex/macosx27.0-26A425-e829b21a6f8c9b70876ba0858053c0447231f6df4def33e022ae2eb8f782df1a.sdkstatcache -output-file-map /Users/suresh/Documents/Codex/2026-09-18/create-coding-agents-to-start-work/work/swift64/xcode/SwiftJLI/DerivedData/Build/Intermediates.noindex/SwiftJLI.build/Debug/SwiftJLI-t.build/Objects-normal/arm64/SwiftJLI-OutputFileMap.json -save-temps -no-color-diagnostics -explicit-module-build -module-cache-path /Users/suresh/Documents/Codex/2026-09-18/create-coding-agents-to-start-work/work/swift64/xcode/SwiftJLI/DerivedData/Build/Intermediates.noindex/SwiftExplicitPrecompiledModules -clang-scanner-module-cache-path /Users/suresh/Documents/Codex/2026-09-18/create-coding-agents-to-start-work/work/swift64/xcode/SwiftJLI/DerivedData/ModuleCache.noindex -sdk-module-cache-path /Users/suresh/Documents/Codex/2026-09-18/create-coding-agents-to-start-work/work/swift64/xcode/SwiftJLI/DerivedData/SDKExplicitPrecompiledModules -emit-dependencies -emit-module -emit-module-path /Users/suresh/Documents/Codex/2026-09-18/create-coding-agents-to-start-work/work/swift64/xcode/SwiftJLI/DerivedData/Build/Intermediates.noindex/SwiftJLI.build/Debug/SwiftJLI-t.build/Objects-normal/arm64/SwiftJLI.swiftmodule -serialize-diagnostics -dependency-scan-serialize-diagnostics-path /Users/suresh/Documents/Codex/2026-09-18/create-coding-agents-to-start-work/work/swift64/xcode/SwiftJLI/DerivedData/Build/Intermediates.noindex/SwiftJLI.build/Debug/SwiftJLI-t.build/Objects-normal/arm64/SwiftJLI-dependency-scan.dia -validate-clang-modules-once -clang-build-session-file /Users/suresh/Documents/Codex/2026-09-18/create-coding-agents-to-start-work/work/swift64/xcode/SwiftJLI/DerivedData/ModuleCache.noindex/Session.modulevalidation -Xcc -fmodules-prune-interval\=86400 -Xcc -fmodules-prune-after\=345600 -package-name swiftjli -emit-const-values -const-gather-protocols-list /Users/suresh/Documents/Codex/2026-09-18/create-coding-agents-to-start-work/work/swift64/xcode/SwiftJLI/DerivedData/Build/Intermediates.noindex/SwiftJLI.build/Debug/SwiftJLI-t.build/Objects-normal/arm64/SwiftJLI_const_extract_protocols.json -Xcc -I/Users/suresh/Documents/Codex/2026-09-18/create-coding-agents-to-start-work/work/swift64/xcode/SwiftJLI/DerivedData/Build/Products/Debug/include -Xcc -I/Users/suresh/Documents/Codex/2026-09-18/create-coding-agents-to-start-work/work/swift64/xcode/SwiftJLI/DerivedData/Build/Intermediates.noindex/SwiftJLI.build/Debug/SwiftJLI-t.build/DerivedSources-normal/arm64 -Xcc -I/Users/suresh/Documents/Codex/2026-09-18/create-coding-agents-to-start-work/work/swift64/xcode/SwiftJLI/DerivedData/Build/Intermediates.noindex/SwiftJLI.build/Debug/SwiftJLI-t.build/DerivedSources/arm64 -Xcc -I/Users/suresh/Documents/Codex/2026-09-18/create-coding-agents-to-start-work/work/swift64/xcode/SwiftJLI/DerivedData/Build/Intermediates.noindex/SwiftJLI.build/Debug/SwiftJLI-t.build/DerivedSources -Xcc -DSWIFT_PACKAGE -Xcc -DDEBUG\=1 -emit-objc-header -emit-objc-header-path /Users/suresh/Documents/Codex/2026-09-18/create-coding-agents-to-start-work/work/swift64/xcode/SwiftJLI/DerivedData/Build/Intermediates.noindex/SwiftJLI.build/Debug/SwiftJLI-t.build/Objects-normal/arm64/SwiftJLI-Swift.h -working-directory /Users/suresh/Documents/Codex/2026-09-18/create-coding-agents-to-start-work/outputs/SwiftJLI/.swiftpm/xcode -experimental-emit-module-separately -disable-cmo

SwiftExplicitDependencyGeneratePcm arm64 /Users/suresh/Documents/Codex/2026-09-18/create-coding-agents-to-start-work/work/swift64/xcode/SwiftJLI/DerivedData/SDKExplicitPrecompiledModules/_Builtin_stdbool-BQ4XD6K90HTUOR7Y4EU8M08OC.pcm

SwiftExplicitDependencyGeneratePcm arm64 /Users/suresh/Documents/Codex/2026-09-18/create-coding-agents-to-start-work/work/swift64/xcode/SwiftJLI/DerivedData/SDKExplicitPrecompiledModules/ptrcheck-CAYNUM6C0SQIGBECX8ZDZHTQB.pcm

SwiftExplicitDependencyGeneratePcm arm64 /Users/suresh/Documents/Codex/2026-09-18/create-coding-agents-to-start-work/work/swift64/xcode/SwiftJLI/DerivedData/SDKExplicitPrecompiledModules/_AvailabilityInternal-9SCZMTJ0IXHSOMF2SEKMDTWHA.pcm

SwiftExplicitDependencyGeneratePcm arm64 /Users/suresh/Documents/Codex/2026-09-18/create-coding-agents-to-start-work/work/swift64/xcode/SwiftJLI/DerivedData/SDKExplicitPrecompiledModules/_Builtin_stddef-7LD35SS7SZQHOHJU345KJG3XV.pcm

SwiftExplicitDependencyGeneratePcm arm64 /Users/suresh/Documents/Codex/2026-09-18/create-coding-agents-to-start-work/work/swift64/xcode/SwiftJLI/DerivedData/SDKExplicitPrecompiledModules/_Builtin_float-76J3BM56VME7ZF1C35CO74R3T.pcm

SwiftExplicitDependencyGeneratePcm arm64 /Users/suresh/Documents/Codex/2026-09-18/create-coding-agents-to-start-work/work/swift64/xcode/SwiftJLI/DerivedData/SDKExplicitPrecompiledModules/_Builtin_stdarg-26EAJ6PA0AOZTYRZUMTLQS4R7.pcm

SwiftExplicitDependencyGeneratePcm arm64 /Users/suresh/Documents/Codex/2026-09-18/create-coding-agents-to-start-work/work/swift64/xcode/SwiftJLI/DerivedData/SDKExplicitPrecompiledModules/SwiftShims-1GR0DE40IWNECY0S81GA289RR.pcm

SwiftExplicitDependencyGeneratePcm arm64 /Users/suresh/Documents/Codex/2026-09-18/create-coding-agents-to-start-work/work/swift64/xcode/SwiftJLI/DerivedData/SDKExplicitPrecompiledModules/_DarwinFoundation1-AH6AAZKAA720L26KRXLCAERBQ.pcm

SwiftExplicitDependencyGeneratePcm arm64 /Users/suresh/Documents/Codex/2026-09-18/create-coding-agents-to-start-work/work/swift64/xcode/SwiftJLI/DerivedData/SDKExplicitPrecompiledModules/_SwiftConcurrencyShims-3N9QPL47S3RXF1DK8S4JEU2SF.pcm

SwiftExplicitDependencyGeneratePcm arm64 /Users/suresh/Documents/Codex/2026-09-18/create-coding-agents-to-start-work/work/swift64/xcode/SwiftJLI/DerivedData/SDKExplicitPrecompiledModules/ptrauth-3C4O3Z1WXOO3YNFKU6BPLUMR9.pcm

SwiftExplicitDependencyGeneratePcm arm64 /Users/suresh/Documents/Codex/2026-09-18/create-coding-agents-to-start-work/work/swift64/xcode/SwiftJLI/DerivedData/SDKExplicitPrecompiledModules/_Builtin_limits-94EFEC0226FWBVI9X6JW929RV.pcm

SwiftExplicitDependencyGeneratePcm arm64 /Users/suresh/Documents/Codex/2026-09-18/create-coding-agents-to-start-work/work/swift64/xcode/SwiftJLI/DerivedData/SDKExplicitPrecompiledModules/_DarwinFoundation2-DTRS86FRPHRHGHA61WI2RGDW6.pcm

SwiftExplicitDependencyGeneratePcm arm64 /Users/suresh/Documents/Codex/2026-09-18/create-coding-agents-to-start-work/work/swift64/xcode/SwiftJLI/DerivedData/SDKExplicitPrecompiledModules/_Builtin_stdint-DE1KWTL1T3C5SQL6LJW8UP6X7.pcm

SwiftExplicitDependencyGeneratePcm arm64 /Users/suresh/Documents/Codex/2026-09-18/create-coding-agents-to-start-work/work/swift64/xcode/SwiftJLI/DerivedData/SDKExplicitPrecompiledModules/string_h-7HJK5XUODN5EW6OJ57L2TKGXS.pcm

SwiftExplicitDependencyGeneratePcm arm64 /Users/suresh/Documents/Codex/2026-09-18/create-coding-agents-to-start-work/work/swift64/xcode/SwiftJLI/DerivedData/SDKExplicitPrecompiledModules/sys_types-7E0H6EMJK9DP56V22PMSVGODM.pcm

SwiftExplicitDependencyGeneratePcm arm64 /Users/suresh/Documents/Codex/2026-09-18/create-coding-agents-to-start-work/work/swift64/xcode/SwiftJLI/DerivedData/SDKExplicitPrecompiledModules/_DarwinFoundation3-5ZJL6ZX9F4JIEWCMBJUATXQZG.pcm

SwiftExplicitDependencyGeneratePcm arm64 /Users/suresh/Documents/Codex/2026-09-18/create-coding-agents-to-start-work/work/swift64/xcode/SwiftJLI/DerivedData/SDKExplicitPrecompiledModules/libDER-D4JL6T6A4I4ADRS8PURIQSQ0O.pcm

SwiftExplicitDependencyGeneratePcm arm64 /Users/suresh/Documents/Codex/2026-09-18/create-coding-agents-to-start-work/work/swift64/xcode/SwiftJLI/DerivedData/SDKExplicitPrecompiledModules/_Builtin_inttypes-C1REDSNXCB0ZQDYTVVGECGGWV.pcm

SwiftExplicitDependencyGeneratePcm arm64 /Users/suresh/Documents/Codex/2026-09-18/create-coding-agents-to-start-work/work/swift64/xcode/SwiftJLI/DerivedData/SDKExplicitPrecompiledModules/Darwin-60MRMDFKYUC4X8O85WOJWYSGY.pcm

SwiftExplicitDependencyGeneratePcm arm64 /Users/suresh/Documents/Codex/2026-09-18/create-coding-agents-to-start-work/work/swift64/xcode/SwiftJLI/DerivedData/SDKExplicitPrecompiledModules/launch-8MWPGLSLKU7T5RUCPADA2908J.pcm

SwiftExplicitDependencyGeneratePcm arm64 /Users/suresh/Documents/Codex/2026-09-18/create-coding-agents-to-start-work/work/swift64/xcode/SwiftJLI/DerivedData/SDKExplicitPrecompiledModules/libkern-3GLGWW1VXNP0KH7LOTXTTKK7M.pcm

SwiftExplicitDependencyGeneratePcm arm64 /Users/suresh/Documents/Codex/2026-09-18/create-coding-agents-to-start-work/work/swift64/xcode/SwiftJLI/DerivedData/SDKExplicitPrecompiledModules/MachO-6647JKZFZ6072RS5KE6FCUNOG.pcm

SwiftExplicitDependencyGeneratePcm arm64 /Users/suresh/Documents/Codex/2026-09-18/create-coding-agents-to-start-work/work/swift64/xcode/SwiftJLI/DerivedData/SDKExplicitPrecompiledModules/ObjectiveC-ETO8X7F4SW8IVWTS1ZKW25QY.pcm

SwiftExplicitDependencyGeneratePcm arm64 /Users/suresh/Documents/Codex/2026-09-18/create-coding-agents-to-start-work/work/swift64/xcode/SwiftJLI/DerivedData/SDKExplicitPrecompiledModules/os_object-299PILG9WX6P03PP1CUASH15J.pcm

SwiftExplicitDependencyGeneratePcm arm64 /Users/suresh/Documents/Codex/2026-09-18/create-coding-agents-to-start-work/work/swift64/xcode/SwiftJLI/DerivedData/SDKExplicitPrecompiledModules/os_workgroup-2ZLTG8LW919H45SCRVB5FVUCO.pcm

SwiftExplicitDependencyGeneratePcm arm64 /Users/suresh/Documents/Codex/2026-09-18/create-coding-agents-to-start-work/work/swift64/xcode/SwiftJLI/DerivedData/SDKExplicitPrecompiledModules/Dispatch-6AH2V0AUANV93951T3JIULDM8.pcm

SwiftExplicitDependencyGeneratePcm arm64 /Users/suresh/Documents/Codex/2026-09-18/create-coding-agents-to-start-work/work/swift64/xcode/SwiftJLI/DerivedData/SDKExplicitPrecompiledModules/XPC-38NF7C7953QOZZ1T6RU7K90W7.pcm

SwiftExplicitDependencyGeneratePcm arm64 /Users/suresh/Documents/Codex/2026-09-18/create-coding-agents-to-start-work/work/swift64/xcode/SwiftJLI/DerivedData/SDKExplicitPrecompiledModules/CoreFoundation-BNC5MLFESGLIVNXKLO0ZY7MXM.pcm

SwiftExplicitDependencyGeneratePcm arm64 /Users/suresh/Documents/Codex/2026-09-18/create-coding-agents-to-start-work/work/swift64/xcode/SwiftJLI/DerivedData/SDKExplicitPrecompiledModules/IOKit-DQO2KCGKLYVA93C0IL00Q74GC.pcm

SwiftExplicitDependencyGeneratePcm arm64 /Users/suresh/Documents/Codex/2026-09-18/create-coding-agents-to-start-work/work/swift64/xcode/SwiftJLI/DerivedData/SDKExplicitPrecompiledModules/Security-F47A6K3EYU3MSM364V20UNU2R.pcm

SwiftExplicitDependencyGeneratePcm arm64 /Users/suresh/Documents/Codex/2026-09-18/create-coding-agents-to-start-work/work/swift64/xcode/SwiftJLI/DerivedData/SDKExplicitPrecompiledModules/CFNetwork-8BKSRVF4KV9W7BLCFD7JMI5YR.pcm

SwiftExplicitDependencyGeneratePcm arm64 /Users/suresh/Documents/Codex/2026-09-18/create-coding-agents-to-start-work/work/swift64/xcode/SwiftJLI/DerivedData/SDKExplicitPrecompiledModules/DiskArbitration-DNJ0LVW71C2QS09TXX8F7GQI.pcm

SwiftExplicitDependencyGeneratePcm arm64 /Users/suresh/Documents/Codex/2026-09-18/create-coding-agents-to-start-work/work/swift64/xcode/SwiftJLI/DerivedData/SDKExplicitPrecompiledModules/CoreServices-5SBQ8PLKY9HBJW46YDU5E166M.pcm

SwiftExplicitDependencyGeneratePcm arm64 /Users/suresh/Documents/Codex/2026-09-18/create-coding-agents-to-start-work/work/swift64/xcode/SwiftJLI/DerivedData/SDKExplicitPrecompiledModules/Foundation-3AZHF2ZTEMQJGB7B9ZW3VOUHX.pcm

SwiftEmitModule normal arm64 Emitting\ module\ for\ SwiftJLI (in target 'SwiftJLI' from project 'SwiftJLI')

SwiftCompile normal arm64 (in target 'SwiftJLI' from project 'SwiftJLI')
    cd /Users/suresh/Documents/Codex/2026-09-18/create-coding-agents-to-start-work/outputs/SwiftJLI/.swiftpm/xcode
    

SwiftCompile normal arm64 Compiling\ ImageStorage.swift /Users/suresh/Documents/Codex/2026-09-18/create-coding-agents-to-start-work/outputs/SwiftJLI/Sources/SwiftJLI/ImageStorage.swift (in target 'SwiftJLI' from project 'SwiftJLI')

SwiftCompile normal arm64 /Users/suresh/Documents/Codex/2026-09-18/create-coding-agents-to-start-work/outputs/SwiftJLI/Sources/SwiftJLI/ImageStorage.swift (in target 'SwiftJLI' from project 'SwiftJLI')
    cd /Users/suresh/Documents/Codex/2026-09-18/create-coding-agents-to-start-work/outputs/SwiftJLI/.swiftpm/xcode
    builtin-SwiftPerFileCompile ImageStorage.swift

SwiftCompile normal arm64 Compiling\ Options.swift /Users/suresh/Documents/Codex/2026-09-18/create-coding-agents-to-start-work/outputs/SwiftJLI/Sources/SwiftJLI/Options.swift (in target 'SwiftJLI' from project 'SwiftJLI')

SwiftCompile normal arm64 /Users/suresh/Documents/Codex/2026-09-18/create-coding-agents-to-start-work/outputs/SwiftJLI/Sources/SwiftJLI/Options.swift (in target 'SwiftJLI' from project 'SwiftJLI')
    cd /Users/suresh/Documents/Codex/2026-09-18/create-coding-agents-to-start-work/outputs/SwiftJLI/.swiftpm/xcode
    builtin-SwiftPerFileCompile Options.swift

SwiftDriverJobDiscovery normal arm64 Emitting module for SwiftJLI (in target 'SwiftJLI' from project 'SwiftJLI')

SwiftDriver\ Compilation\ Requirements SwiftJLI normal arm64 com.apple.xcode.tools.swift.compiler (in target 'SwiftJLI' from project 'SwiftJLI')
    cd /Users/suresh/Documents/Codex/2026-09-18/create-coding-agents-to-start-work/outputs/SwiftJLI/.swiftpm/xcode
    builtin-Swift-Compilation-Requirements -- /Applications/Xcode.app/Contents/Developer/Toolchains/XcodeDefault.xctoolchain/usr/bin/swiftc -parse-as-library -module-name SwiftJLI -Onone @/Users/suresh/Documents/Codex/2026-09-18/create-coding-agents-to-start-work/work/swift64/xcode/SwiftJLI/DerivedData/Build/Intermediates.noindex/SwiftJLI.build/Debug/SwiftJLI-t.build/Objects-normal/arm64/SwiftJLI.SwiftFileList -DSWIFT_PACKAGE -DDEBUG -DSWIFT_MODULE_RESOURCE_BUNDLE_UNAVAILABLE -DXcode -plugin-path /Applications/Xcode.app/Contents/Developer/Toolchains/XcodeDefault.xctoolchain/usr/lib/swift/host/plugins/testing -enable-experimental-feature DebugDescriptionMacro -sdk /Applications/Xcode.app/Contents/Developer/Platforms/MacOSX.platform/Developer/SDKs/MacOSX27.0.sdk -target arm64-apple-macos26.0 -g -module-cache-path /Users/suresh/Documents/Codex/2026-09-18/create-coding-agents-to-start-work/work/swift64/xcode/SwiftJLI/DerivedData/ModuleCache.noindex -Xfrontend -serialize-debugging-options -profile-coverage-mapping -profile-generate -enable-testing -index-store-path /Users/suresh/Documents/Codex/2026-09-18/create-coding-agents-to-start-work/work/swift64/xcode/SwiftJLI/DerivedData/Index.noindex/DataStore -Xcc -D_LIBCPP_HARDENING_MODE\=_LIBCPP_HARDENING_MODE_DEBUG -swift-version 6 -I /Users/suresh/Documents/Codex/2026-09-18/create-coding-agents-to-start-work/work/swift64/xcode/SwiftJLI/DerivedData/Build/Products/Debug -Isystem /Applications/Xcode.app/Contents/Developer/Platforms/MacOSX.platform/Developer/usr/lib -F /Users/suresh/Documents/Codex/2026-09-18/create-coding-agents-to-start-work/work/swift64/xcode/SwiftJLI/DerivedData/Build/Products/Debug -F /Applications/Xcode.app/Contents/Developer/Platforms/MacOSX.platform/Developer/Library/Frameworks -c -j18 -enable-batch-mode -incremental -Xcc -ivfsstatcache -Xcc /Users/suresh/Documents/Codex/2026-09-18/create-coding-agents-to-start-work/work/swift64/xcode/SwiftJLI/DerivedData/SDKStatCaches.noindex/macosx27.0-26A425-e829b21a6f8c9b70876ba0858053c0447231f6df4def33e022ae2eb8f782df1a.sdkstatcache -output-file-map /Users/suresh/Documents/Codex/2026-09-18/create-coding-agents-to-start-work/work/swift64/xcode/SwiftJLI/DerivedData/Build/Intermediates.noindex/SwiftJLI.build/Debug/SwiftJLI-t.build/Objects-normal/arm64/SwiftJLI-OutputFileMap.json -save-temps -no-color-diagnostics -explicit-module-build -module-cache-path /Users/suresh/Documents/Codex/2026-09-18/create-coding-agents-to-start-work/work/swift64/xcode/SwiftJLI/DerivedData/Build/Intermediates.noindex/SwiftExplicitPrecompiledModules -clang-scanner-module-cache-path /Users/suresh/Documents/Codex/2026-09-18/create-coding-agents-to-start-work/work/swift64/xcode/SwiftJLI/DerivedData/ModuleCache.noindex -sdk-module-cache-path /Users/suresh/Documents/Codex/2026-09-18/create-coding-agents-to-start-work/work/swift64/xcode/SwiftJLI/DerivedData/SDKExplicitPrecompiledModules -emit-dependencies -emit-module -emit-module-path /Users/suresh/Documents/Codex/2026-09-18/create-coding-agents-to-start-work/work/swift64/xcode/SwiftJLI/DerivedData/Build/Intermediates.noindex/SwiftJLI.build/Debug/SwiftJLI-t.build/Objects-normal/arm64/SwiftJLI.swiftmodule -serialize-diagnostics -dependency-scan-serialize-diagnostics-path /Users/suresh/Documents/Codex/2026-09-18/create-coding-agents-to-start-work/work/swift64/xcode/SwiftJLI/DerivedData/Build/Intermediates.noindex/SwiftJLI.build/Debug/SwiftJLI-t.build/Objects-normal/arm64/SwiftJLI-dependency-scan.dia -validate-clang-modules-once -clang-build-session-file /Users/suresh/Documents/Codex/2026-09-18/create-coding-agents-to-start-work/work/swift64/xcode/SwiftJLI/DerivedData/ModuleCache.noindex/Session.modulevalidation -Xcc -fmodules-prune-interval\=86400 -Xcc -fmodules-prune-after\=345600 -package-name swiftjli -emit-const-values -const-gather-protocols-list /Users/suresh/Documents/Codex/2026-09-18/create-coding-agents-to-start-work/work/swift64/xcode/SwiftJLI/DerivedData/Build/Intermediates.noindex/SwiftJLI.build/Debug/SwiftJLI-t.build/Objects-normal/arm64/SwiftJLI_const_extract_protocols.json -Xcc -I/Users/suresh/Documents/Codex/2026-09-18/create-coding-agents-to-start-work/work/swift64/xcode/SwiftJLI/DerivedData/Build/Products/Debug/include -Xcc -I/Users/suresh/Documents/Codex/2026-09-18/create-coding-agents-to-start-work/work/swift64/xcode/SwiftJLI/DerivedData/Build/Intermediates.noindex/SwiftJLI.build/Debug/SwiftJLI-t.build/DerivedSources-normal/arm64 -Xcc -I/Users/suresh/Documents/Codex/2026-09-18/create-coding-agents-to-start-work/work/swift64/xcode/SwiftJLI/DerivedData/Build/Intermediates.noindex/SwiftJLI.build/Debug/SwiftJLI-t.build/DerivedSources/arm64 -Xcc -I/Users/suresh/Documents/Codex/2026-09-18/create-coding-agents-to-start-work/work/swift64/xcode/SwiftJLI/DerivedData/Build/Intermediates.noindex/SwiftJLI.build/Debug/SwiftJLI-t.build/DerivedSources -Xcc -DSWIFT_PACKAGE -Xcc -DDEBUG\=1 -emit-objc-header -emit-objc-header-path /Users/suresh/Documents/Codex/2026-09-18/create-coding-agents-to-start-work/work/swift64/xcode/SwiftJLI/DerivedData/Build/Intermediates.noindex/SwiftJLI.build/Debug/SwiftJLI-t.build/Objects-normal/arm64/SwiftJLI-Swift.h -working-directory /Users/suresh/Documents/Codex/2026-09-18/create-coding-agents-to-start-work/outputs/SwiftJLI/.swiftpm/xcode -experimental-emit-module-separately -disable-cmo

SwiftDriverJobDiscovery normal arm64 Compiling Options.swift (in target 'SwiftJLI' from project 'SwiftJLI')

SwiftCompile normal arm64 Compiling\ ImageDescriptor.swift /Users/suresh/Documents/Codex/2026-09-18/create-coding-agents-to-start-work/outputs/SwiftJLI/Sources/SwiftJLI/ImageDescriptor.swift (in target 'SwiftJLI' from project 'SwiftJLI')

SwiftCompile normal arm64 /Users/suresh/Documents/Codex/2026-09-18/create-coding-agents-to-start-work/outputs/SwiftJLI/Sources/SwiftJLI/ImageDescriptor.swift (in target 'SwiftJLI' from project 'SwiftJLI')
    cd /Users/suresh/Documents/Codex/2026-09-18/create-coding-agents-to-start-work/outputs/SwiftJLI/.swiftpm/xcode
    builtin-SwiftPerFileCompile ImageDescriptor.swift

SwiftCompile normal arm64 Compiling\ CodecAPI.swift /Users/suresh/Documents/Codex/2026-09-18/create-coding-agents-to-start-work/outputs/SwiftJLI/Sources/SwiftJLI/CodecAPI.swift (in target 'SwiftJLI' from project 'SwiftJLI')

SwiftCompile normal arm64 /Users/suresh/Documents/Codex/2026-09-18/create-coding-agents-to-start-work/outputs/SwiftJLI/Sources/SwiftJLI/CodecAPI.swift (in target 'SwiftJLI' from project 'SwiftJLI')
    cd /Users/suresh/Documents/Codex/2026-09-18/create-coding-agents-to-start-work/outputs/SwiftJLI/.swiftpm/xcode
    builtin-SwiftPerFileCompile CodecAPI.swift

SwiftDriverJobDiscovery normal arm64 Compiling ImageStorage.swift (in target 'SwiftJLI' from project 'SwiftJLI')

SwiftMergeGeneratedHeaders /Users/suresh/Documents/Codex/2026-09-18/create-coding-agents-to-start-work/work/swift64/xcode/SwiftJLI/DerivedData/Build/Intermediates.noindex/GeneratedModuleMaps/SwiftJLI-Swift.h /Users/suresh/Documents/Codex/2026-09-18/create-coding-agents-to-start-work/work/swift64/xcode/SwiftJLI/DerivedData/Build/Intermediates.noindex/SwiftJLI.build/Debug/SwiftJLI-t.build/Objects-normal/arm64/SwiftJLI-Swift.h (in target 'SwiftJLI' from project 'SwiftJLI')
    cd /Users/suresh/Documents/Codex/2026-09-18/create-coding-agents-to-start-work/outputs/SwiftJLI
    builtin-swiftHeaderTool -arch arm64 /Users/suresh/Documents/Codex/2026-09-18/create-coding-agents-to-start-work/work/swift64/xcode/SwiftJLI/DerivedData/Build/Intermediates.noindex/SwiftJLI.build/Debug/SwiftJLI-t.build/Objects-normal/arm64/SwiftJLI-Swift.h -o /Users/suresh/Documents/Codex/2026-09-18/create-coding-agents-to-start-work/work/swift64/xcode/SwiftJLI/DerivedData/Build/Intermediates.noindex/GeneratedModuleMaps/SwiftJLI-Swift.h

SwiftDriverJobDiscovery normal arm64 Compiling CodecAPI.swift (in target 'SwiftJLI' from project 'SwiftJLI')

Copy /Users/suresh/Documents/Codex/2026-09-18/create-coding-agents-to-start-work/work/swift64/xcode/SwiftJLI/DerivedData/Build/Products/Debug/SwiftJLI.swiftmodule/arm64-apple-macos.swiftmodule /Users/suresh/Documents/Codex/2026-09-18/create-coding-agents-to-start-work/work/swift64/xcode/SwiftJLI/DerivedData/Build/Intermediates.noindex/SwiftJLI.build/Debug/SwiftJLI-t.build/Objects-normal/arm64/SwiftJLI.swiftmodule (in target 'SwiftJLI' from project 'SwiftJLI')
    cd /Users/suresh/Documents/Codex/2026-09-18/create-coding-agents-to-start-work/outputs/SwiftJLI
    builtin-copy -exclude .DS_Store -exclude CVS -exclude .svn -exclude .git -exclude .hg -resolve-src-symlinks -rename /Users/suresh/Documents/Codex/2026-09-18/create-coding-agents-to-start-work/work/swift64/xcode/SwiftJLI/DerivedData/Build/Intermediates.noindex/SwiftJLI.build/Debug/SwiftJLI-t.build/Objects-normal/arm64/SwiftJLI.swiftmodule /Users/suresh/Documents/Codex/2026-09-18/create-coding-agents-to-start-work/work/swift64/xcode/SwiftJLI/DerivedData/Build/Products/Debug/SwiftJLI.swiftmodule/arm64-apple-macos.swiftmodule

Copy /Users/suresh/Documents/Codex/2026-09-18/create-coding-agents-to-start-work/work/swift64/xcode/SwiftJLI/DerivedData/Build/Products/Debug/SwiftJLI.swiftmodule/arm64-apple-macos.swiftdoc /Users/suresh/Documents/Codex/2026-09-18/create-coding-agents-to-start-work/work/swift64/xcode/SwiftJLI/DerivedData/Build/Intermediates.noindex/SwiftJLI.build/Debug/SwiftJLI-t.build/Objects-normal/arm64/SwiftJLI.swiftdoc (in target 'SwiftJLI' from project 'SwiftJLI')
    cd /Users/suresh/Documents/Codex/2026-09-18/create-coding-agents-to-start-work/outputs/SwiftJLI
    builtin-copy -exclude .DS_Store -exclude CVS -exclude .svn -exclude .git -exclude .hg -resolve-src-symlinks -rename /Users/suresh/Documents/Codex/2026-09-18/create-coding-agents-to-start-work/work/swift64/xcode/SwiftJLI/DerivedData/Build/Intermediates.noindex/SwiftJLI.build/Debug/SwiftJLI-t.build/Objects-normal/arm64/SwiftJLI.swiftdoc /Users/suresh/Documents/Codex/2026-09-18/create-coding-agents-to-start-work/work/swift64/xcode/SwiftJLI/DerivedData/Build/Products/Debug/SwiftJLI.swiftmodule/arm64-apple-macos.swiftdoc

Copy /Users/suresh/Documents/Codex/2026-09-18/create-coding-agents-to-start-work/work/swift64/xcode/SwiftJLI/DerivedData/Build/Products/Debug/SwiftJLI.swiftmodule/arm64-apple-macos.abi.json /Users/suresh/Documents/Codex/2026-09-18/create-coding-agents-to-start-work/work/swift64/xcode/SwiftJLI/DerivedData/Build/Intermediates.noindex/SwiftJLI.build/Debug/SwiftJLI-t.build/Objects-normal/arm64/SwiftJLI.abi.json (in target 'SwiftJLI' from project 'SwiftJLI')
    cd /Users/suresh/Documents/Codex/2026-09-18/create-coding-agents-to-start-work/outputs/SwiftJLI
    builtin-copy -exclude .DS_Store -exclude CVS -exclude .svn -exclude .git -exclude .hg -resolve-src-symlinks -rename /Users/suresh/Documents/Codex/2026-09-18/create-coding-agents-to-start-work/work/swift64/xcode/SwiftJLI/DerivedData/Build/Intermediates.noindex/SwiftJLI.build/Debug/SwiftJLI-t.build/Objects-normal/arm64/SwiftJLI.abi.json /Users/suresh/Documents/Codex/2026-09-18/create-coding-agents-to-start-work/work/swift64/xcode/SwiftJLI/DerivedData/Build/Products/Debug/SwiftJLI.swiftmodule/arm64-apple-macos.abi.json

Copy /Users/suresh/Documents/Codex/2026-09-18/create-coding-agents-to-start-work/work/swift64/xcode/SwiftJLI/DerivedData/Build/Products/Debug/SwiftJLI.swiftmodule/Project/arm64-apple-macos.swiftsourceinfo /Users/suresh/Documents/Codex/2026-09-18/create-coding-agents-to-start-work/work/swift64/xcode/SwiftJLI/DerivedData/Build/Intermediates.noindex/SwiftJLI.build/Debug/SwiftJLI-t.build/Objects-normal/arm64/SwiftJLI.swiftsourceinfo (in target 'SwiftJLI' from project 'SwiftJLI')
    cd /Users/suresh/Documents/Codex/2026-09-18/create-coding-agents-to-start-work/outputs/SwiftJLI
    builtin-copy -exclude .DS_Store -exclude CVS -exclude .svn -exclude .git -exclude .hg -resolve-src-symlinks -rename /Users/suresh/Documents/Codex/2026-09-18/create-coding-agents-to-start-work/work/swift64/xcode/SwiftJLI/DerivedData/Build/Intermediates.noindex/SwiftJLI.build/Debug/SwiftJLI-t.build/Objects-normal/arm64/SwiftJLI.swiftsourceinfo /Users/suresh/Documents/Codex/2026-09-18/create-coding-agents-to-start-work/work/swift64/xcode/SwiftJLI/DerivedData/Build/Products/Debug/SwiftJLI.swiftmodule/Project/arm64-apple-macos.swiftsourceinfo

SwiftCompile normal arm64 Compiling\ Errors.swift /Users/suresh/Documents/Codex/2026-09-18/create-coding-agents-to-start-work/outputs/SwiftJLI/Sources/SwiftJLI/Errors.swift (in target 'SwiftJLI' from project 'SwiftJLI')

SwiftCompile normal arm64 /Users/suresh/Documents/Codex/2026-09-18/create-coding-agents-to-start-work/outputs/SwiftJLI/Sources/SwiftJLI/Errors.swift (in target 'SwiftJLI' from project 'SwiftJLI')
    cd /Users/suresh/Documents/Codex/2026-09-18/create-coding-agents-to-start-work/outputs/SwiftJLI/.swiftpm/xcode
    builtin-SwiftPerFileCompile Errors.swift

SwiftDriverJobDiscovery normal arm64 Compiling ImageDescriptor.swift (in target 'SwiftJLI' from project 'SwiftJLI')

SwiftCompile normal arm64 Compiling\ Image.swift /Users/suresh/Documents/Codex/2026-09-18/create-coding-agents-to-start-work/outputs/SwiftJLI/Sources/SwiftJLI/Image.swift (in target 'SwiftJLI' from project 'SwiftJLI')

SwiftCompile normal arm64 /Users/suresh/Documents/Codex/2026-09-18/create-coding-agents-to-start-work/outputs/SwiftJLI/Sources/SwiftJLI/Image.swift (in target 'SwiftJLI' from project 'SwiftJLI')
    cd /Users/suresh/Documents/Codex/2026-09-18/create-coding-agents-to-start-work/outputs/SwiftJLI/.swiftpm/xcode
    builtin-SwiftPerFileCompile Image.swift

SwiftDriverJobDiscovery normal arm64 Compiling Errors.swift (in target 'SwiftJLI' from project 'SwiftJLI')

SwiftDriver SwiftJLITests normal arm64 com.apple.xcode.tools.swift.compiler (in target 'SwiftJLITests-product' from project 'SwiftJLI')
    cd /Users/suresh/Documents/Codex/2026-09-18/create-coding-agents-to-start-work/outputs/SwiftJLI/.swiftpm/xcode
    builtin-SwiftDriver -- /Applications/Xcode.app/Contents/Developer/Toolchains/XcodeDefault.xctoolchain/usr/bin/swiftc -parse-as-library -module-name SwiftJLITests -Onone @/Users/suresh/Documents/Codex/2026-09-18/create-coding-agents-to-start-work/work/swift64/xcode/SwiftJLI/DerivedData/Build/Intermediates.noindex/SwiftJLI.build/Debug/SwiftJLITests-p.build/Objects-normal/arm64/SwiftJLITests.SwiftFileList -DSWIFT_PACKAGE -DDEBUG -DXcode -plugin-path /Applications/Xcode.app/Contents/Developer/Toolchains/XcodeDefault.xctoolchain/usr/lib/swift/host/plugins/testing -enable-experimental-feature DebugDescriptionMacro -sdk /Applications/Xcode.app/Contents/Developer/Platforms/MacOSX.platform/Developer/SDKs/MacOSX27.0.sdk -target arm64-apple-macos26.0 -g -module-cache-path /Users/suresh/Documents/Codex/2026-09-18/create-coding-agents-to-start-work/work/swift64/xcode/SwiftJLI/DerivedData/ModuleCache.noindex -Xfrontend -serialize-debugging-options -profile-coverage-mapping -profile-generate -enable-testing -index-store-path /Users/suresh/Documents/Codex/2026-09-18/create-coding-agents-to-start-work/work/swift64/xcode/SwiftJLI/DerivedData/Index.noindex/DataStore -Xcc -D_LIBCPP_HARDENING_MODE\=_LIBCPP_HARDENING_MODE_DEBUG -swift-version 6 -I /Users/suresh/Documents/Codex/2026-09-18/create-coding-agents-to-start-work/work/swift64/xcode/SwiftJLI/DerivedData/Build/Products/Debug -Isystem /Applications/Xcode.app/Contents/Developer/Platforms/MacOSX.platform/Developer/usr/lib -F /Users/suresh/Documents/Codex/2026-09-18/create-coding-agents-to-start-work/work/swift64/xcode/SwiftJLI/DerivedData/Build/Products/Debug/PackageFrameworks -F /Users/suresh/Documents/Codex/2026-09-18/create-coding-agents-to-start-work/work/swift64/xcode/SwiftJLI/DerivedData/Build/Products/Debug -F /Applications/Xcode.app/Contents/Developer/Platforms/MacOSX.platform/Developer/Library/Frameworks -c -j18 -enable-batch-mode -incremental -Xcc -ivfsstatcache -Xcc /Users/suresh/Documents/Codex/2026-09-18/create-coding-agents-to-start-work/work/swift64/xcode/SwiftJLI/DerivedData/SDKStatCaches.noindex/macosx27.0-26A425-e829b21a6f8c9b70876ba0858053c0447231f6df4def33e022ae2eb8f782df1a.sdkstatcache -output-file-map /Users/suresh/Documents/Codex/2026-09-18/create-coding-agents-to-start-work/work/swift64/xcode/SwiftJLI/DerivedData/Build/Intermediates.noindex/SwiftJLI.build/Debug/SwiftJLITests-p.build/Objects-normal/arm64/SwiftJLITests-OutputFileMap.json -save-temps -no-color-diagnostics -explicit-module-build -module-cache-path /Users/suresh/Documents/Codex/2026-09-18/create-coding-agents-to-start-work/work/swift64/xcode/SwiftJLI/DerivedData/Build/Intermediates.noindex/SwiftExplicitPrecompiledModules -clang-scanner-module-cache-path /Users/suresh/Documents/Codex/2026-09-18/create-coding-agents-to-start-work/work/swift64/xcode/SwiftJLI/DerivedData/ModuleCache.noindex -sdk-module-cache-path /Users/suresh/Documents/Codex/2026-09-18/create-coding-agents-to-start-work/work/swift64/xcode/SwiftJLI/DerivedData/SDKExplicitPrecompiledModules -emit-dependencies -emit-module -emit-module-path /Users/suresh/Documents/Codex/2026-09-18/create-coding-agents-to-start-work/work/swift64/xcode/SwiftJLI/DerivedData/Build/Intermediates.noindex/SwiftJLI.build/Debug/SwiftJLITests-p.build/Objects-normal/arm64/SwiftJLITests.swiftmodule -serialize-diagnostics -dependency-scan-serialize-diagnostics-path /Users/suresh/Documents/Codex/2026-09-18/create-coding-agents-to-start-work/work/swift64/xcode/SwiftJLI/DerivedData/Build/Intermediates.noindex/SwiftJLI.build/Debug/SwiftJLITests-p.build/Objects-normal/arm64/SwiftJLITests-dependency-scan.dia -validate-clang-modules-once -clang-build-session-file /Users/suresh/Documents/Codex/2026-09-18/create-coding-agents-to-start-work/work/swift64/xcode/SwiftJLI/DerivedData/ModuleCache.noindex/Session.modulevalidation -Xcc -fmodules-prune-interval\=86400 -Xcc -fmodules-prune-after\=345600 -package-name swiftjli -emit-const-values -const-gather-protocols-list /Users/suresh/Documents/Codex/2026-09-18/create-coding-agents-to-start-work/work/swift64/xcode/SwiftJLI/DerivedData/Build/Intermediates.noindex/SwiftJLI.build/Debug/SwiftJLITests-p.build/Objects-normal/arm64/SwiftJLITests_const_extract_protocols.json -Xcc -I/Users/suresh/Documents/Codex/2026-09-18/create-coding-agents-to-start-work/work/swift64/xcode/SwiftJLI/DerivedData/Build/Products/Debug/include -Xcc -I/Users/suresh/Documents/Codex/2026-09-18/create-coding-agents-to-start-work/work/swift64/xcode/SwiftJLI/DerivedData/Build/Intermediates.noindex/SwiftJLI.build/Debug/SwiftJLITests-p.build/DerivedSources-normal/arm64 -Xcc -I/Users/suresh/Documents/Codex/2026-09-18/create-coding-agents-to-start-work/work/swift64/xcode/SwiftJLI/DerivedData/Build/Intermediates.noindex/SwiftJLI.build/Debug/SwiftJLITests-p.build/DerivedSources/arm64 -Xcc -I/Users/suresh/Documents/Codex/2026-09-18/create-coding-agents-to-start-work/work/swift64/xcode/SwiftJLI/DerivedData/Build/Intermediates.noindex/SwiftJLI.build/Debug/SwiftJLITests-p.build/DerivedSources -Xcc -DSWIFT_PACKAGE -Xcc -DDEBUG\=1 -working-directory /Users/suresh/Documents/Codex/2026-09-18/create-coding-agents-to-start-work/outputs/SwiftJLI/.swiftpm/xcode -experimental-emit-module-separately -disable-cmo

SwiftDriverJobDiscovery normal arm64 Compiling Image.swift (in target 'SwiftJLI' from project 'SwiftJLI')

SwiftDriver\ Compilation SwiftJLI normal arm64 com.apple.xcode.tools.swift.compiler (in target 'SwiftJLI' from project 'SwiftJLI')
    cd /Users/suresh/Documents/Codex/2026-09-18/create-coding-agents-to-start-work/outputs/SwiftJLI/.swiftpm/xcode
    builtin-Swift-Compilation -- /Applications/Xcode.app/Contents/Developer/Toolchains/XcodeDefault.xctoolchain/usr/bin/swiftc -parse-as-library -module-name SwiftJLI -Onone @/Users/suresh/Documents/Codex/2026-09-18/create-coding-agents-to-start-work/work/swift64/xcode/SwiftJLI/DerivedData/Build/Intermediates.noindex/SwiftJLI.build/Debug/SwiftJLI-t.build/Objects-normal/arm64/SwiftJLI.SwiftFileList -DSWIFT_PACKAGE -DDEBUG -DSWIFT_MODULE_RESOURCE_BUNDLE_UNAVAILABLE -DXcode -plugin-path /Applications/Xcode.app/Contents/Developer/Toolchains/XcodeDefault.xctoolchain/usr/lib/swift/host/plugins/testing -enable-experimental-feature DebugDescriptionMacro -sdk /Applications/Xcode.app/Contents/Developer/Platforms/MacOSX.platform/Developer/SDKs/MacOSX27.0.sdk -target arm64-apple-macos26.0 -g -module-cache-path /Users/suresh/Documents/Codex/2026-09-18/create-coding-agents-to-start-work/work/swift64/xcode/SwiftJLI/DerivedData/ModuleCache.noindex -Xfrontend -serialize-debugging-options -profile-coverage-mapping -profile-generate -enable-testing -index-store-path /Users/suresh/Documents/Codex/2026-09-18/create-coding-agents-to-start-work/work/swift64/xcode/SwiftJLI/DerivedData/Index.noindex/DataStore -Xcc -D_LIBCPP_HARDENING_MODE\=_LIBCPP_HARDENING_MODE_DEBUG -swift-version 6 -I /Users/suresh/Documents/Codex/2026-09-18/create-coding-agents-to-start-work/work/swift64/xcode/SwiftJLI/DerivedData/Build/Products/Debug -Isystem /Applications/Xcode.app/Contents/Developer/Platforms/MacOSX.platform/Developer/usr/lib -F /Users/suresh/Documents/Codex/2026-09-18/create-coding-agents-to-start-work/work/swift64/xcode/SwiftJLI/DerivedData/Build/Products/Debug -F /Applications/Xcode.app/Contents/Developer/Platforms/MacOSX.platform/Developer/Library/Frameworks -c -j18 -enable-batch-mode -incremental -Xcc -ivfsstatcache -Xcc /Users/suresh/Documents/Codex/2026-09-18/create-coding-agents-to-start-work/work/swift64/xcode/SwiftJLI/DerivedData/SDKStatCaches.noindex/macosx27.0-26A425-e829b21a6f8c9b70876ba0858053c0447231f6df4def33e022ae2eb8f782df1a.sdkstatcache -output-file-map /Users/suresh/Documents/Codex/2026-09-18/create-coding-agents-to-start-work/work/swift64/xcode/SwiftJLI/DerivedData/Build/Intermediates.noindex/SwiftJLI.build/Debug/SwiftJLI-t.build/Objects-normal/arm64/SwiftJLI-OutputFileMap.json -save-temps -no-color-diagnostics -explicit-module-build -module-cache-path /Users/suresh/Documents/Codex/2026-09-18/create-coding-agents-to-start-work/work/swift64/xcode/SwiftJLI/DerivedData/Build/Intermediates.noindex/SwiftExplicitPrecompiledModules -clang-scanner-module-cache-path /Users/suresh/Documents/Codex/2026-09-18/create-coding-agents-to-start-work/work/swift64/xcode/SwiftJLI/DerivedData/ModuleCache.noindex -sdk-module-cache-path /Users/suresh/Documents/Codex/2026-09-18/create-coding-agents-to-start-work/work/swift64/xcode/SwiftJLI/DerivedData/SDKExplicitPrecompiledModules -emit-dependencies -emit-module -emit-module-path /Users/suresh/Documents/Codex/2026-09-18/create-coding-agents-to-start-work/work/swift64/xcode/SwiftJLI/DerivedData/Build/Intermediates.noindex/SwiftJLI.build/Debug/SwiftJLI-t.build/Objects-normal/arm64/SwiftJLI.swiftmodule -serialize-diagnostics -dependency-scan-serialize-diagnostics-path /Users/suresh/Documents/Codex/2026-09-18/create-coding-agents-to-start-work/work/swift64/xcode/SwiftJLI/DerivedData/Build/Intermediates.noindex/SwiftJLI.build/Debug/SwiftJLI-t.build/Objects-normal/arm64/SwiftJLI-dependency-scan.dia -validate-clang-modules-once -clang-build-session-file /Users/suresh/Documents/Codex/2026-09-18/create-coding-agents-to-start-work/work/swift64/xcode/SwiftJLI/DerivedData/ModuleCache.noindex/Session.modulevalidation -Xcc -fmodules-prune-interval\=86400 -Xcc -fmodules-prune-after\=345600 -package-name swiftjli -emit-const-values -const-gather-protocols-list /Users/suresh/Documents/Codex/2026-09-18/create-coding-agents-to-start-work/work/swift64/xcode/SwiftJLI/DerivedData/Build/Intermediates.noindex/SwiftJLI.build/Debug/SwiftJLI-t.build/Objects-normal/arm64/SwiftJLI_const_extract_protocols.json -Xcc -I/Users/suresh/Documents/Codex/2026-09-18/create-coding-agents-to-start-work/work/swift64/xcode/SwiftJLI/DerivedData/Build/Products/Debug/include -Xcc -I/Users/suresh/Documents/Codex/2026-09-18/create-coding-agents-to-start-work/work/swift64/xcode/SwiftJLI/DerivedData/Build/Intermediates.noindex/SwiftJLI.build/Debug/SwiftJLI-t.build/DerivedSources-normal/arm64 -Xcc -I/Users/suresh/Documents/Codex/2026-09-18/create-coding-agents-to-start-work/work/swift64/xcode/SwiftJLI/DerivedData/Build/Intermediates.noindex/SwiftJLI.build/Debug/SwiftJLI-t.build/DerivedSources/arm64 -Xcc -I/Users/suresh/Documents/Codex/2026-09-18/create-coding-agents-to-start-work/work/swift64/xcode/SwiftJLI/DerivedData/Build/Intermediates.noindex/SwiftJLI.build/Debug/SwiftJLI-t.build/DerivedSources -Xcc -DSWIFT_PACKAGE -Xcc -DDEBUG\=1 -emit-objc-header -emit-objc-header-path /Users/suresh/Documents/Codex/2026-09-18/create-coding-agents-to-start-work/work/swift64/xcode/SwiftJLI/DerivedData/Build/Intermediates.noindex/SwiftJLI.build/Debug/SwiftJLI-t.build/Objects-normal/arm64/SwiftJLI-Swift.h -working-directory /Users/suresh/Documents/Codex/2026-09-18/create-coding-agents-to-start-work/outputs/SwiftJLI/.swiftpm/xcode -experimental-emit-module-separately -disable-cmo

Ld /Users/suresh/Documents/Codex/2026-09-18/create-coding-agents-to-start-work/work/swift64/xcode/SwiftJLI/DerivedData/Build/Products/Debug/SwiftJLI.o normal (in target 'SwiftJLI' from project 'SwiftJLI')
    cd /Users/suresh/Documents/Codex/2026-09-18/create-coding-agents-to-start-work/outputs/SwiftJLI
    /Applications/Xcode.app/Contents/Developer/Toolchains/XcodeDefault.xctoolchain/usr/bin/clang -Xlinker -reproducible -target arm64-apple-macos26.0 -r -isysroot /Applications/Xcode.app/Contents/Developer/Platforms/MacOSX.platform/Developer/SDKs/MacOSX27.0.sdk -O0 -Xlinker -no_warn_duplicate_libraries -F/Users/suresh/Documents/Codex/2026-09-18/create-coding-agents-to-start-work/work/swift64/xcode/SwiftJLI/DerivedData/Build/Intermediates.noindex/EagerLinkingTBDs/Debug -F/Users/suresh/Documents/Codex/2026-09-18/create-coding-agents-to-start-work/work/swift64/xcode/SwiftJLI/DerivedData/Build/Products/Debug -iframework /Applications/Xcode.app/Contents/Developer/Platforms/MacOSX.platform/Developer/Library/Frameworks -filelist /Users/suresh/Documents/Codex/2026-09-18/create-coding-agents-to-start-work/work/swift64/xcode/SwiftJLI/DerivedData/Build/Intermediates.noindex/SwiftJLI.build/Debug/SwiftJLI-t.build/Objects-normal/arm64/SwiftJLI.LinkFileList -nostdlib -Xlinker -object_path_lto -Xlinker /Users/suresh/Documents/Codex/2026-09-18/create-coding-agents-to-start-work/work/swift64/xcode/SwiftJLI/DerivedData/Build/Intermediates.noindex/SwiftJLI.build/Debug/SwiftJLI-t.build/Objects-normal/arm64/SwiftJLI_lto.o -Xlinker -no_deduplicate -Xlinker -debug_variant -Xlinker -dependency_info -Xlinker /Users/suresh/Documents/Codex/2026-09-18/create-coding-agents-to-start-work/work/swift64/xcode/SwiftJLI/DerivedData/Build/Intermediates.noindex/SwiftJLI.build/Debug/SwiftJLI-t.build/Objects-normal/arm64/SwiftJLI_dependency_info.dat -fobjc-link-runtime -L/Applications/Xcode.app/Contents/Developer/Toolchains/XcodeDefault.xctoolchain/usr/lib/swift/macosx -L/usr/lib/swift -Xlinker -add_ast_path -Xlinker /Users/suresh/Documents/Codex/2026-09-18/create-coding-agents-to-start-work/work/swift64/xcode/SwiftJLI/DerivedData/Build/Intermediates.noindex/SwiftJLI.build/Debug/SwiftJLI-t.build/Objects-normal/arm64/SwiftJLI.swiftmodule -o /Users/suresh/Documents/Codex/2026-09-18/create-coding-agents-to-start-work/work/swift64/xcode/SwiftJLI/DerivedData/Build/Products/Debug/SwiftJLI.o

ExtractAppIntentsMetadata (in target 'SwiftJLI' from project 'SwiftJLI')
    cd /Users/suresh/Documents/Codex/2026-09-18/create-coding-agents-to-start-work/outputs/SwiftJLI
    /Applications/Xcode.app/Contents/Developer/Toolchains/XcodeDefault.xctoolchain/usr/bin/appintentsmetadataprocessor --toolchain-dir /var/run/com.apple.security.cryptexd/mnt/com.apple.MobileAsset.MetalToolchain-v27.1.266.1.2eg2cZ/Metal.xctoolchain --module-name SwiftJLI --sdk-root /Applications/Xcode.app/Contents/Developer/Platforms/MacOSX.platform/Developer/SDKs/MacOSX27.0.sdk --xcode-version 27A266a --platform-family macOS --deployment-target 26.0 --bundle-identifier swiftjli.SwiftJLI --output /Users/suresh/Documents/Codex/2026-09-18/create-coding-agents-to-start-work/work/swift64/xcode/SwiftJLI/DerivedData/Build/Products/Debug/SwiftJLI.appintents --target-triple arm64-apple-macos26.0 --binary-file /Users/suresh/Documents/Codex/2026-09-18/create-coding-agents-to-start-work/work/swift64/xcode/SwiftJLI/DerivedData/Build/Products/Debug/SwiftJLI.o --dependency-file /Users/suresh/Documents/Codex/2026-09-18/create-coding-agents-to-start-work/work/swift64/xcode/SwiftJLI/DerivedData/Build/Intermediates.noindex/SwiftJLI.build/Debug/SwiftJLI-t.build/Objects-normal/arm64/SwiftJLI_dependency_info.dat --stringsdata-file /Users/suresh/Documents/Codex/2026-09-18/create-coding-agents-to-start-work/work/swift64/xcode/SwiftJLI/DerivedData/Build/Intermediates.noindex/SwiftJLI.build/Debug/SwiftJLI-t.build/Objects-normal/arm64/ExtractedAppShortcutsMetadata.stringsdata --source-file-list /Users/suresh/Documents/Codex/2026-09-18/create-coding-agents-to-start-work/work/swift64/xcode/SwiftJLI/DerivedData/Build/Intermediates.noindex/SwiftJLI.build/Debug/SwiftJLI-t.build/Objects-normal/arm64/SwiftJLI.SwiftFileList --metadata-file-list /Users/suresh/Documents/Codex/2026-09-18/create-coding-agents-to-start-work/work/swift64/xcode/SwiftJLI/DerivedData/Build/Intermediates.noindex/SwiftJLI.build/Debug/SwiftJLI-t.build/SwiftJLI.DependencyMetadataFileList --static-metadata-file-list /Users/suresh/Documents/Codex/2026-09-18/create-coding-agents-to-start-work/work/swift64/xcode/SwiftJLI/DerivedData/Build/Intermediates.noindex/SwiftJLI.build/Debug/SwiftJLI-t.build/SwiftJLI.DependencyStaticMetadataFileList --swift-const-vals-list /Users/suresh/Documents/Codex/2026-09-18/create-coding-agents-to-start-work/work/swift64/xcode/SwiftJLI/DerivedData/Build/Intermediates.noindex/SwiftJLI.build/Debug/SwiftJLI-t.build/Objects-normal/arm64/SwiftJLI.SwiftConstValuesFileList --force --compile-time-extraction --deployment-aware-processing --no-app-shortcuts-localization
2026-09-19 03:46:45.231 appintentsmetadataprocessor[13749:2776612] Starting appintentsmetadataprocessor export
2026-09-19 03:46:45.267 appintentsmetadataprocessor[13749:2776612] Extracted no relevant App Intents symbols, skipping writing output

ProcessInfoPlistFile /Users/suresh/Documents/Codex/2026-09-18/create-coding-agents-to-start-work/work/swift64/xcode/SwiftJLI/DerivedData/Build/Products/Debug/SwiftJLITests.xctest/Contents/Info.plist /Users/suresh/Documents/Codex/2026-09-18/create-coding-agents-to-start-work/work/swift64/xcode/SwiftJLI/DerivedData/Build/Intermediates.noindex/SwiftJLI.build/Debug/SwiftJLITests-p.build/empty-SwiftJLITests.plist (in target 'SwiftJLITests-product' from project 'SwiftJLI')
    cd /Users/suresh/Documents/Codex/2026-09-18/create-coding-agents-to-start-work/outputs/SwiftJLI
    builtin-infoPlistUtility /Users/suresh/Documents/Codex/2026-09-18/create-coding-agents-to-start-work/work/swift64/xcode/SwiftJLI/DerivedData/Build/Intermediates.noindex/SwiftJLI.build/Debug/SwiftJLITests-p.build/empty-SwiftJLITests.plist -producttype com.apple.product-type.bundle.unit-test -expandbuildsettings -platform macosx -o /Users/suresh/Documents/Codex/2026-09-18/create-coding-agents-to-start-work/work/swift64/xcode/SwiftJLI/DerivedData/Build/Products/Debug/SwiftJLITests.xctest/Contents/Info.plist

SwiftExplicitDependencyCompileModuleFromInterface arm64 /Users/suresh/Documents/Codex/2026-09-18/create-coding-agents-to-start-work/work/swift64/xcode/SwiftJLI/DerivedData/Build/Intermediates.noindex/SwiftExplicitPrecompiledModules/Testing-28O31LC7ZIMHJ.swiftmodule

SwiftExplicitDependencyCompileModuleFromInterface arm64 /Users/suresh/Documents/Codex/2026-09-18/create-coding-agents-to-start-work/work/swift64/xcode/SwiftJLI/DerivedData/Build/Intermediates.noindex/SwiftExplicitPrecompiledModules/_Testing_Foundation-3GBTIRN9IMDY9.swiftmodule

SwiftCompile normal arm64 Compiling\ APITests.swift /Users/suresh/Documents/Codex/2026-09-18/create-coding-agents-to-start-work/outputs/SwiftJLI/Tests/SwiftJLITests/APITests.swift (in target 'SwiftJLITests-product' from project 'SwiftJLI')

SwiftCompile normal arm64 /Users/suresh/Documents/Codex/2026-09-18/create-coding-agents-to-start-work/outputs/SwiftJLI/Tests/SwiftJLITests/APITests.swift (in target 'SwiftJLITests-product' from project 'SwiftJLI')
    cd /Users/suresh/Documents/Codex/2026-09-18/create-coding-agents-to-start-work/outputs/SwiftJLI/.swiftpm/xcode
    builtin-SwiftPerFileCompile APITests.swift

SwiftEmitModule normal arm64 Emitting\ module\ for\ SwiftJLITests (in target 'SwiftJLITests-product' from project 'SwiftJLI')

SwiftCompile normal arm64 (in target 'SwiftJLITests-product' from project 'SwiftJLI')
    cd /Users/suresh/Documents/Codex/2026-09-18/create-coding-agents-to-start-work/outputs/SwiftJLI/.swiftpm/xcode
    

SwiftCompile normal arm64 Compiling\ OwnershipTests.swift /Users/suresh/Documents/Codex/2026-09-18/create-coding-agents-to-start-work/outputs/SwiftJLI/Tests/SwiftJLITests/OwnershipTests.swift (in target 'SwiftJLITests-product' from project 'SwiftJLI')

SwiftCompile normal arm64 /Users/suresh/Documents/Codex/2026-09-18/create-coding-agents-to-start-work/outputs/SwiftJLI/Tests/SwiftJLITests/OwnershipTests.swift (in target 'SwiftJLITests-product' from project 'SwiftJLI')
    cd /Users/suresh/Documents/Codex/2026-09-18/create-coding-agents-to-start-work/outputs/SwiftJLI/.swiftpm/xcode
    builtin-SwiftPerFileCompile OwnershipTests.swift

SwiftDriverJobDiscovery normal arm64 Emitting module for SwiftJLITests (in target 'SwiftJLITests-product' from project 'SwiftJLI')

SwiftDriverJobDiscovery normal arm64 Compiling APITests.swift (in target 'SwiftJLITests-product' from project 'SwiftJLI')

SwiftDriver\ Compilation\ Requirements SwiftJLITests normal arm64 com.apple.xcode.tools.swift.compiler (in target 'SwiftJLITests-product' from project 'SwiftJLI')
    cd /Users/suresh/Documents/Codex/2026-09-18/create-coding-agents-to-start-work/outputs/SwiftJLI/.swiftpm/xcode
    builtin-Swift-Compilation-Requirements -- /Applications/Xcode.app/Contents/Developer/Toolchains/XcodeDefault.xctoolchain/usr/bin/swiftc -parse-as-library -module-name SwiftJLITests -Onone @/Users/suresh/Documents/Codex/2026-09-18/create-coding-agents-to-start-work/work/swift64/xcode/SwiftJLI/DerivedData/Build/Intermediates.noindex/SwiftJLI.build/Debug/SwiftJLITests-p.build/Objects-normal/arm64/SwiftJLITests.SwiftFileList -DSWIFT_PACKAGE -DDEBUG -DXcode -plugin-path /Applications/Xcode.app/Contents/Developer/Toolchains/XcodeDefault.xctoolchain/usr/lib/swift/host/plugins/testing -enable-experimental-feature DebugDescriptionMacro -sdk /Applications/Xcode.app/Contents/Developer/Platforms/MacOSX.platform/Developer/SDKs/MacOSX27.0.sdk -target arm64-apple-macos26.0 -g -module-cache-path /Users/suresh/Documents/Codex/2026-09-18/create-coding-agents-to-start-work/work/swift64/xcode/SwiftJLI/DerivedData/ModuleCache.noindex -Xfrontend -serialize-debugging-options -profile-coverage-mapping -profile-generate -enable-testing -index-store-path /Users/suresh/Documents/Codex/2026-09-18/create-coding-agents-to-start-work/work/swift64/xcode/SwiftJLI/DerivedData/Index.noindex/DataStore -Xcc -D_LIBCPP_HARDENING_MODE\=_LIBCPP_HARDENING_MODE_DEBUG -swift-version 6 -I /Users/suresh/Documents/Codex/2026-09-18/create-coding-agents-to-start-work/work/swift64/xcode/SwiftJLI/DerivedData/Build/Products/Debug -Isystem /Applications/Xcode.app/Contents/Developer/Platforms/MacOSX.platform/Developer/usr/lib -F /Users/suresh/Documents/Codex/2026-09-18/create-coding-agents-to-start-work/work/swift64/xcode/SwiftJLI/DerivedData/Build/Products/Debug/PackageFrameworks -F /Users/suresh/Documents/Codex/2026-09-18/create-coding-agents-to-start-work/work/swift64/xcode/SwiftJLI/DerivedData/Build/Products/Debug -F /Applications/Xcode.app/Contents/Developer/Platforms/MacOSX.platform/Developer/Library/Frameworks -c -j18 -enable-batch-mode -incremental -Xcc -ivfsstatcache -Xcc /Users/suresh/Documents/Codex/2026-09-18/create-coding-agents-to-start-work/work/swift64/xcode/SwiftJLI/DerivedData/SDKStatCaches.noindex/macosx27.0-26A425-e829b21a6f8c9b70876ba0858053c0447231f6df4def33e022ae2eb8f782df1a.sdkstatcache -output-file-map /Users/suresh/Documents/Codex/2026-09-18/create-coding-agents-to-start-work/work/swift64/xcode/SwiftJLI/DerivedData/Build/Intermediates.noindex/SwiftJLI.build/Debug/SwiftJLITests-p.build/Objects-normal/arm64/SwiftJLITests-OutputFileMap.json -save-temps -no-color-diagnostics -explicit-module-build -module-cache-path /Users/suresh/Documents/Codex/2026-09-18/create-coding-agents-to-start-work/work/swift64/xcode/SwiftJLI/DerivedData/Build/Intermediates.noindex/SwiftExplicitPrecompiledModules -clang-scanner-module-cache-path /Users/suresh/Documents/Codex/2026-09-18/create-coding-agents-to-start-work/work/swift64/xcode/SwiftJLI/DerivedData/ModuleCache.noindex -sdk-module-cache-path /Users/suresh/Documents/Codex/2026-09-18/create-coding-agents-to-start-work/work/swift64/xcode/SwiftJLI/DerivedData/SDKExplicitPrecompiledModules -emit-dependencies -emit-module -emit-module-path /Users/suresh/Documents/Codex/2026-09-18/create-coding-agents-to-start-work/work/swift64/xcode/SwiftJLI/DerivedData/Build/Intermediates.noindex/SwiftJLI.build/Debug/SwiftJLITests-p.build/Objects-normal/arm64/SwiftJLITests.swiftmodule -serialize-diagnostics -dependency-scan-serialize-diagnostics-path /Users/suresh/Documents/Codex/2026-09-18/create-coding-agents-to-start-work/work/swift64/xcode/SwiftJLI/DerivedData/Build/Intermediates.noindex/SwiftJLI.build/Debug/SwiftJLITests-p.build/Objects-normal/arm64/SwiftJLITests-dependency-scan.dia -validate-clang-modules-once -clang-build-session-file /Users/suresh/Documents/Codex/2026-09-18/create-coding-agents-to-start-work/work/swift64/xcode/SwiftJLI/DerivedData/ModuleCache.noindex/Session.modulevalidation -Xcc -fmodules-prune-interval\=86400 -Xcc -fmodules-prune-after\=345600 -package-name swiftjli -emit-const-values -const-gather-protocols-list /Users/suresh/Documents/Codex/2026-09-18/create-coding-agents-to-start-work/work/swift64/xcode/SwiftJLI/DerivedData/Build/Intermediates.noindex/SwiftJLI.build/Debug/SwiftJLITests-p.build/Objects-normal/arm64/SwiftJLITests_const_extract_protocols.json -Xcc -I/Users/suresh/Documents/Codex/2026-09-18/create-coding-agents-to-start-work/work/swift64/xcode/SwiftJLI/DerivedData/Build/Products/Debug/include -Xcc -I/Users/suresh/Documents/Codex/2026-09-18/create-coding-agents-to-start-work/work/swift64/xcode/SwiftJLI/DerivedData/Build/Intermediates.noindex/SwiftJLI.build/Debug/SwiftJLITests-p.build/DerivedSources-normal/arm64 -Xcc -I/Users/suresh/Documents/Codex/2026-09-18/create-coding-agents-to-start-work/work/swift64/xcode/SwiftJLI/DerivedData/Build/Intermediates.noindex/SwiftJLI.build/Debug/SwiftJLITests-p.build/DerivedSources/arm64 -Xcc -I/Users/suresh/Documents/Codex/2026-09-18/create-coding-agents-to-start-work/work/swift64/xcode/SwiftJLI/DerivedData/Build/Intermediates.noindex/SwiftJLI.build/Debug/SwiftJLITests-p.build/DerivedSources -Xcc -DSWIFT_PACKAGE -Xcc -DDEBUG\=1 -working-directory /Users/suresh/Documents/Codex/2026-09-18/create-coding-agents-to-start-work/outputs/SwiftJLI/.swiftpm/xcode -experimental-emit-module-separately -disable-cmo

SwiftCompile normal arm64 Compiling\ DescriptorTests.swift /Users/suresh/Documents/Codex/2026-09-18/create-coding-agents-to-start-work/outputs/SwiftJLI/Tests/SwiftJLITests/DescriptorTests.swift (in target 'SwiftJLITests-product' from project 'SwiftJLI')

SwiftCompile normal arm64 /Users/suresh/Documents/Codex/2026-09-18/create-coding-agents-to-start-work/outputs/SwiftJLI/Tests/SwiftJLITests/DescriptorTests.swift (in target 'SwiftJLITests-product' from project 'SwiftJLI')
    cd /Users/suresh/Documents/Codex/2026-09-18/create-coding-agents-to-start-work/outputs/SwiftJLI/.swiftpm/xcode
    builtin-SwiftPerFileCompile DescriptorTests.swift

SwiftDriverJobDiscovery normal arm64 Compiling OwnershipTests.swift (in target 'SwiftJLITests-product' from project 'SwiftJLI')

Copy /Users/suresh/Documents/Codex/2026-09-18/create-coding-agents-to-start-work/work/swift64/xcode/SwiftJLI/DerivedData/Build/Products/Debug/SwiftJLITests.swiftmodule/arm64-apple-macos.swiftmodule /Users/suresh/Documents/Codex/2026-09-18/create-coding-agents-to-start-work/work/swift64/xcode/SwiftJLI/DerivedData/Build/Intermediates.noindex/SwiftJLI.build/Debug/SwiftJLITests-p.build/Objects-normal/arm64/SwiftJLITests.swiftmodule (in target 'SwiftJLITests-product' from project 'SwiftJLI')
    cd /Users/suresh/Documents/Codex/2026-09-18/create-coding-agents-to-start-work/outputs/SwiftJLI
    builtin-copy -exclude .DS_Store -exclude CVS -exclude .svn -exclude .git -exclude .hg -resolve-src-symlinks -rename /Users/suresh/Documents/Codex/2026-09-18/create-coding-agents-to-start-work/work/swift64/xcode/SwiftJLI/DerivedData/Build/Intermediates.noindex/SwiftJLI.build/Debug/SwiftJLITests-p.build/Objects-normal/arm64/SwiftJLITests.swiftmodule /Users/suresh/Documents/Codex/2026-09-18/create-coding-agents-to-start-work/work/swift64/xcode/SwiftJLI/DerivedData/Build/Products/Debug/SwiftJLITests.swiftmodule/arm64-apple-macos.swiftmodule

Copy /Users/suresh/Documents/Codex/2026-09-18/create-coding-agents-to-start-work/work/swift64/xcode/SwiftJLI/DerivedData/Build/Products/Debug/SwiftJLITests.swiftmodule/arm64-apple-macos.swiftdoc /Users/suresh/Documents/Codex/2026-09-18/create-coding-agents-to-start-work/work/swift64/xcode/SwiftJLI/DerivedData/Build/Intermediates.noindex/SwiftJLI.build/Debug/SwiftJLITests-p.build/Objects-normal/arm64/SwiftJLITests.swiftdoc (in target 'SwiftJLITests-product' from project 'SwiftJLI')
    cd /Users/suresh/Documents/Codex/2026-09-18/create-coding-agents-to-start-work/outputs/SwiftJLI
    builtin-copy -exclude .DS_Store -exclude CVS -exclude .svn -exclude .git -exclude .hg -resolve-src-symlinks -rename /Users/suresh/Documents/Codex/2026-09-18/create-coding-agents-to-start-work/work/swift64/xcode/SwiftJLI/DerivedData/Build/Intermediates.noindex/SwiftJLI.build/Debug/SwiftJLITests-p.build/Objects-normal/arm64/SwiftJLITests.swiftdoc /Users/suresh/Documents/Codex/2026-09-18/create-coding-agents-to-start-work/work/swift64/xcode/SwiftJLI/DerivedData/Build/Products/Debug/SwiftJLITests.swiftmodule/arm64-apple-macos.swiftdoc

Copy /Users/suresh/Documents/Codex/2026-09-18/create-coding-agents-to-start-work/work/swift64/xcode/SwiftJLI/DerivedData/Build/Products/Debug/SwiftJLITests.swiftmodule/arm64-apple-macos.abi.json /Users/suresh/Documents/Codex/2026-09-18/create-coding-agents-to-start-work/work/swift64/xcode/SwiftJLI/DerivedData/Build/Intermediates.noindex/SwiftJLI.build/Debug/SwiftJLITests-p.build/Objects-normal/arm64/SwiftJLITests.abi.json (in target 'SwiftJLITests-product' from project 'SwiftJLI')
    cd /Users/suresh/Documents/Codex/2026-09-18/create-coding-agents-to-start-work/outputs/SwiftJLI
    builtin-copy -exclude .DS_Store -exclude CVS -exclude .svn -exclude .git -exclude .hg -resolve-src-symlinks -rename /Users/suresh/Documents/Codex/2026-09-18/create-coding-agents-to-start-work/work/swift64/xcode/SwiftJLI/DerivedData/Build/Intermediates.noindex/SwiftJLI.build/Debug/SwiftJLITests-p.build/Objects-normal/arm64/SwiftJLITests.abi.json /Users/suresh/Documents/Codex/2026-09-18/create-coding-agents-to-start-work/work/swift64/xcode/SwiftJLI/DerivedData/Build/Products/Debug/SwiftJLITests.swiftmodule/arm64-apple-macos.abi.json

Copy /Users/suresh/Documents/Codex/2026-09-18/create-coding-agents-to-start-work/work/swift64/xcode/SwiftJLI/DerivedData/Build/Products/Debug/SwiftJLITests.swiftmodule/Project/arm64-apple-macos.swiftsourceinfo /Users/suresh/Documents/Codex/2026-09-18/create-coding-agents-to-start-work/work/swift64/xcode/SwiftJLI/DerivedData/Build/Intermediates.noindex/SwiftJLI.build/Debug/SwiftJLITests-p.build/Objects-normal/arm64/SwiftJLITests.swiftsourceinfo (in target 'SwiftJLITests-product' from project 'SwiftJLI')
    cd /Users/suresh/Documents/Codex/2026-09-18/create-coding-agents-to-start-work/outputs/SwiftJLI
    builtin-copy -exclude .DS_Store -exclude CVS -exclude .svn -exclude .git -exclude .hg -resolve-src-symlinks -rename /Users/suresh/Documents/Codex/2026-09-18/create-coding-agents-to-start-work/work/swift64/xcode/SwiftJLI/DerivedData/Build/Intermediates.noindex/SwiftJLI.build/Debug/SwiftJLITests-p.build/Objects-normal/arm64/SwiftJLITests.swiftsourceinfo /Users/suresh/Documents/Codex/2026-09-18/create-coding-agents-to-start-work/work/swift64/xcode/SwiftJLI/DerivedData/Build/Products/Debug/SwiftJLITests.swiftmodule/Project/arm64-apple-macos.swiftsourceinfo

SwiftCompile normal arm64 Compiling\ LimitTests.swift /Users/suresh/Documents/Codex/2026-09-18/create-coding-agents-to-start-work/outputs/SwiftJLI/Tests/SwiftJLITests/LimitTests.swift (in target 'SwiftJLITests-product' from project 'SwiftJLI')

SwiftCompile normal arm64 /Users/suresh/Documents/Codex/2026-09-18/create-coding-agents-to-start-work/outputs/SwiftJLI/Tests/SwiftJLITests/LimitTests.swift (in target 'SwiftJLITests-product' from project 'SwiftJLI')
    cd /Users/suresh/Documents/Codex/2026-09-18/create-coding-agents-to-start-work/outputs/SwiftJLI/.swiftpm/xcode
    builtin-SwiftPerFileCompile LimitTests.swift

SwiftDriverJobDiscovery normal arm64 Compiling DescriptorTests.swift (in target 'SwiftJLITests-product' from project 'SwiftJLI')

SwiftCompile normal arm64 Compiling\ Swift64SampleAccessTests.swift /Users/suresh/Documents/Codex/2026-09-18/create-coding-agents-to-start-work/outputs/SwiftJLI/Tests/SwiftJLITests/Swift64SampleAccessTests.swift (in target 'SwiftJLITests-product' from project 'SwiftJLI')

SwiftCompile normal arm64 /Users/suresh/Documents/Codex/2026-09-18/create-coding-agents-to-start-work/outputs/SwiftJLI/Tests/SwiftJLITests/Swift64SampleAccessTests.swift (in target 'SwiftJLITests-product' from project 'SwiftJLI')
    cd /Users/suresh/Documents/Codex/2026-09-18/create-coding-agents-to-start-work/outputs/SwiftJLI/.swiftpm/xcode
    builtin-SwiftPerFileCompile Swift64SampleAccessTests.swift

SwiftCompile normal arm64 Compiling\ CancellationPublicationTests.swift /Users/suresh/Documents/Codex/2026-09-18/create-coding-agents-to-start-work/outputs/SwiftJLI/Tests/SwiftJLITests/CancellationPublicationTests.swift (in target 'SwiftJLITests-product' from project 'SwiftJLI')

SwiftCompile normal arm64 /Users/suresh/Documents/Codex/2026-09-18/create-coding-agents-to-start-work/outputs/SwiftJLI/Tests/SwiftJLITests/CancellationPublicationTests.swift (in target 'SwiftJLITests-product' from project 'SwiftJLI')
    cd /Users/suresh/Documents/Codex/2026-09-18/create-coding-agents-to-start-work/outputs/SwiftJLI/.swiftpm/xcode
    builtin-SwiftPerFileCompile CancellationPublicationTests.swift

SwiftDriverJobDiscovery normal arm64 Compiling LimitTests.swift (in target 'SwiftJLITests-product' from project 'SwiftJLI')

SwiftDriverJobDiscovery normal arm64 Compiling CancellationPublicationTests.swift (in target 'SwiftJLITests-product' from project 'SwiftJLI')

SwiftDriverJobDiscovery normal arm64 Compiling Swift64SampleAccessTests.swift (in target 'SwiftJLITests-product' from project 'SwiftJLI')

SwiftDriver\ Compilation SwiftJLITests normal arm64 com.apple.xcode.tools.swift.compiler (in target 'SwiftJLITests-product' from project 'SwiftJLI')
    cd /Users/suresh/Documents/Codex/2026-09-18/create-coding-agents-to-start-work/outputs/SwiftJLI/.swiftpm/xcode
    builtin-Swift-Compilation -- /Applications/Xcode.app/Contents/Developer/Toolchains/XcodeDefault.xctoolchain/usr/bin/swiftc -parse-as-library -module-name SwiftJLITests -Onone @/Users/suresh/Documents/Codex/2026-09-18/create-coding-agents-to-start-work/work/swift64/xcode/SwiftJLI/DerivedData/Build/Intermediates.noindex/SwiftJLI.build/Debug/SwiftJLITests-p.build/Objects-normal/arm64/SwiftJLITests.SwiftFileList -DSWIFT_PACKAGE -DDEBUG -DXcode -plugin-path /Applications/Xcode.app/Contents/Developer/Toolchains/XcodeDefault.xctoolchain/usr/lib/swift/host/plugins/testing -enable-experimental-feature DebugDescriptionMacro -sdk /Applications/Xcode.app/Contents/Developer/Platforms/MacOSX.platform/Developer/SDKs/MacOSX27.0.sdk -target arm64-apple-macos26.0 -g -module-cache-path /Users/suresh/Documents/Codex/2026-09-18/create-coding-agents-to-start-work/work/swift64/xcode/SwiftJLI/DerivedData/ModuleCache.noindex -Xfrontend -serialize-debugging-options -profile-coverage-mapping -profile-generate -enable-testing -index-store-path /Users/suresh/Documents/Codex/2026-09-18/create-coding-agents-to-start-work/work/swift64/xcode/SwiftJLI/DerivedData/Index.noindex/DataStore -Xcc -D_LIBCPP_HARDENING_MODE\=_LIBCPP_HARDENING_MODE_DEBUG -swift-version 6 -I /Users/suresh/Documents/Codex/2026-09-18/create-coding-agents-to-start-work/work/swift64/xcode/SwiftJLI/DerivedData/Build/Products/Debug -Isystem /Applications/Xcode.app/Contents/Developer/Platforms/MacOSX.platform/Developer/usr/lib -F /Users/suresh/Documents/Codex/2026-09-18/create-coding-agents-to-start-work/work/swift64/xcode/SwiftJLI/DerivedData/Build/Products/Debug/PackageFrameworks -F /Users/suresh/Documents/Codex/2026-09-18/create-coding-agents-to-start-work/work/swift64/xcode/SwiftJLI/DerivedData/Build/Products/Debug -F /Applications/Xcode.app/Contents/Developer/Platforms/MacOSX.platform/Developer/Library/Frameworks -c -j18 -enable-batch-mode -incremental -Xcc -ivfsstatcache -Xcc /Users/suresh/Documents/Codex/2026-09-18/create-coding-agents-to-start-work/work/swift64/xcode/SwiftJLI/DerivedData/SDKStatCaches.noindex/macosx27.0-26A425-e829b21a6f8c9b70876ba0858053c0447231f6df4def33e022ae2eb8f782df1a.sdkstatcache -output-file-map /Users/suresh/Documents/Codex/2026-09-18/create-coding-agents-to-start-work/work/swift64/xcode/SwiftJLI/DerivedData/Build/Intermediates.noindex/SwiftJLI.build/Debug/SwiftJLITests-p.build/Objects-normal/arm64/SwiftJLITests-OutputFileMap.json -save-temps -no-color-diagnostics -explicit-module-build -module-cache-path /Users/suresh/Documents/Codex/2026-09-18/create-coding-agents-to-start-work/work/swift64/xcode/SwiftJLI/DerivedData/Build/Intermediates.noindex/SwiftExplicitPrecompiledModules -clang-scanner-module-cache-path /Users/suresh/Documents/Codex/2026-09-18/create-coding-agents-to-start-work/work/swift64/xcode/SwiftJLI/DerivedData/ModuleCache.noindex -sdk-module-cache-path /Users/suresh/Documents/Codex/2026-09-18/create-coding-agents-to-start-work/work/swift64/xcode/SwiftJLI/DerivedData/SDKExplicitPrecompiledModules -emit-dependencies -emit-module -emit-module-path /Users/suresh/Documents/Codex/2026-09-18/create-coding-agents-to-start-work/work/swift64/xcode/SwiftJLI/DerivedData/Build/Intermediates.noindex/SwiftJLI.build/Debug/SwiftJLITests-p.build/Objects-normal/arm64/SwiftJLITests.swiftmodule -serialize-diagnostics -dependency-scan-serialize-diagnostics-path /Users/suresh/Documents/Codex/2026-09-18/create-coding-agents-to-start-work/work/swift64/xcode/SwiftJLI/DerivedData/Build/Intermediates.noindex/SwiftJLI.build/Debug/SwiftJLITests-p.build/Objects-normal/arm64/SwiftJLITests-dependency-scan.dia -validate-clang-modules-once -clang-build-session-file /Users/suresh/Documents/Codex/2026-09-18/create-coding-agents-to-start-work/work/swift64/xcode/SwiftJLI/DerivedData/ModuleCache.noindex/Session.modulevalidation -Xcc -fmodules-prune-interval\=86400 -Xcc -fmodules-prune-after\=345600 -package-name swiftjli -emit-const-values -const-gather-protocols-list /Users/suresh/Documents/Codex/2026-09-18/create-coding-agents-to-start-work/work/swift64/xcode/SwiftJLI/DerivedData/Build/Intermediates.noindex/SwiftJLI.build/Debug/SwiftJLITests-p.build/Objects-normal/arm64/SwiftJLITests_const_extract_protocols.json -Xcc -I/Users/suresh/Documents/Codex/2026-09-18/create-coding-agents-to-start-work/work/swift64/xcode/SwiftJLI/DerivedData/Build/Products/Debug/include -Xcc -I/Users/suresh/Documents/Codex/2026-09-18/create-coding-agents-to-start-work/work/swift64/xcode/SwiftJLI/DerivedData/Build/Intermediates.noindex/SwiftJLI.build/Debug/SwiftJLITests-p.build/DerivedSources-normal/arm64 -Xcc -I/Users/suresh/Documents/Codex/2026-09-18/create-coding-agents-to-start-work/work/swift64/xcode/SwiftJLI/DerivedData/Build/Intermediates.noindex/SwiftJLI.build/Debug/SwiftJLITests-p.build/DerivedSources/arm64 -Xcc -I/Users/suresh/Documents/Codex/2026-09-18/create-coding-agents-to-start-work/work/swift64/xcode/SwiftJLI/DerivedData/Build/Intermediates.noindex/SwiftJLI.build/Debug/SwiftJLITests-p.build/DerivedSources -Xcc -DSWIFT_PACKAGE -Xcc -DDEBUG\=1 -working-directory /Users/suresh/Documents/Codex/2026-09-18/create-coding-agents-to-start-work/outputs/SwiftJLI/.swiftpm/xcode -experimental-emit-module-separately -disable-cmo

Ld /Users/suresh/Documents/Codex/2026-09-18/create-coding-agents-to-start-work/work/swift64/xcode/SwiftJLI/DerivedData/Build/Products/Debug/SwiftJLITests.xctest/Contents/MacOS/SwiftJLITests normal (in target 'SwiftJLITests-product' from project 'SwiftJLI')
    cd /Users/suresh/Documents/Codex/2026-09-18/create-coding-agents-to-start-work/outputs/SwiftJLI
    /Applications/Xcode.app/Contents/Developer/Toolchains/XcodeDefault.xctoolchain/usr/bin/swiftc -Xlinker -reproducible -target arm64-apple-macos26.0 -Xlinker -bundle -sdk /Applications/Xcode.app/Contents/Developer/Platforms/MacOSX.platform/Developer/SDKs/MacOSX27.0.sdk -Xlinker -no_warn_duplicate_libraries -L/Users/suresh/Documents/Codex/2026-09-18/create-coding-agents-to-start-work/work/swift64/xcode/SwiftJLI/DerivedData/Build/Intermediates.noindex/EagerLinkingTBDs/Debug -L/Users/suresh/Documents/Codex/2026-09-18/create-coding-agents-to-start-work/work/swift64/xcode/SwiftJLI/DerivedData/Build/Products/Debug -L/Applications/Xcode.app/Contents/Developer/Platforms/MacOSX.platform/Developer/usr/lib -F/Users/suresh/Documents/Codex/2026-09-18/create-coding-agents-to-start-work/work/swift64/xcode/SwiftJLI/DerivedData/Build/Intermediates.noindex/EagerLinkingTBDs/Debug -F/Users/suresh/Documents/Codex/2026-09-18/create-coding-agents-to-start-work/work/swift64/xcode/SwiftJLI/DerivedData/Build/Products/Debug/PackageFrameworks -F/Users/suresh/Documents/Codex/2026-09-18/create-coding-agents-to-start-work/work/swift64/xcode/SwiftJLI/DerivedData/Build/Products/Debug -Fsystem /Applications/Xcode.app/Contents/Developer/Platforms/MacOSX.platform/Developer/Library/Frameworks @/Users/suresh/Documents/Codex/2026-09-18/create-coding-agents-to-start-work/work/swift64/xcode/SwiftJLI/DerivedData/Build/Intermediates.noindex/SwiftJLI.build/Debug/SwiftJLITests-p.build/Objects-normal/arm64/SwiftJLITests.LinkFileList -Xlinker -rpath -Xlinker @loader_path -Xlinker -rpath -Xlinker /Users/suresh/Documents/Codex/2026-09-18/create-coding-agents-to-start-work/work/swift64/xcode/SwiftJLI/DerivedData/Build/Products/Debug/PackageFrameworks -Xlinker -rpath -Xlinker @loader_path/../../.. -Xlinker -rpath -Xlinker @loader_path/Frameworks -Xlinker -rpath -Xlinker @loader_path/../Frameworks -Xlinker -object_path_lto -Xlinker /Users/suresh/Documents/Codex/2026-09-18/create-coding-agents-to-start-work/work/swift64/xcode/SwiftJLI/DerivedData/Build/Intermediates.noindex/SwiftJLI.build/Debug/SwiftJLITests-p.build/Objects-normal/arm64/SwiftJLITests_lto.o -Xclang-linker -rdynamic -Xlinker -no_deduplicate -Xlinker -debug_variant -Xlinker -dependency_info -Xlinker /Users/suresh/Documents/Codex/2026-09-18/create-coding-agents-to-start-work/work/swift64/xcode/SwiftJLI/DerivedData/Build/Intermediates.noindex/SwiftJLI.build/Debug/SwiftJLITests-p.build/Objects-normal/arm64/SwiftJLITests_dependency_info.dat -link-objc-runtime -profile-generate -L/Applications/Xcode.app/Contents/Developer/Toolchains/XcodeDefault.xctoolchain/usr/lib/swift/macosx -L/usr/lib/swift -Xlinker -add_ast_path -Xlinker /Users/suresh/Documents/Codex/2026-09-18/create-coding-agents-to-start-work/work/swift64/xcode/SwiftJLI/DerivedData/Build/Intermediates.noindex/SwiftJLI.build/Debug/SwiftJLITests-p.build/Objects-normal/arm64/SwiftJLITests.swiftmodule -Xlinker -needed_framework -Xlinker XCTest -framework XCTest -Xlinker -needed-lXCTestSwiftSupport -lXCTestSwiftSupport -o /Users/suresh/Documents/Codex/2026-09-18/create-coding-agents-to-start-work/work/swift64/xcode/SwiftJLI/DerivedData/Build/Products/Debug/SwiftJLITests.xctest/Contents/MacOS/SwiftJLITests

CopySwiftLibs /Users/suresh/Documents/Codex/2026-09-18/create-coding-agents-to-start-work/work/swift64/xcode/SwiftJLI/DerivedData/Build/Products/Debug/SwiftJLITests.xctest (in target 'SwiftJLITests-product' from project 'SwiftJLI')
    cd /Users/suresh/Documents/Codex/2026-09-18/create-coding-agents-to-start-work/outputs/SwiftJLI
    builtin-swiftStdLibTool --copy --verbose --scan-executable /Users/suresh/Documents/Codex/2026-09-18/create-coding-agents-to-start-work/work/swift64/xcode/SwiftJLI/DerivedData/Build/Products/Debug/SwiftJLITests.xctest/Contents/MacOS/SwiftJLITests --scan-folder /Users/suresh/Documents/Codex/2026-09-18/create-coding-agents-to-start-work/work/swift64/xcode/SwiftJLI/DerivedData/Build/Products/Debug/SwiftJLITests.xctest/Contents/Frameworks --scan-folder /Users/suresh/Documents/Codex/2026-09-18/create-coding-agents-to-start-work/work/swift64/xcode/SwiftJLI/DerivedData/Build/Products/Debug/SwiftJLITests.xctest/Contents/PlugIns --scan-folder /Users/suresh/Documents/Codex/2026-09-18/create-coding-agents-to-start-work/work/swift64/xcode/SwiftJLI/DerivedData/Build/Products/Debug/SwiftJLITests.xctest/Contents/Library/SystemExtensions --scan-folder /Users/suresh/Documents/Codex/2026-09-18/create-coding-agents-to-start-work/work/swift64/xcode/SwiftJLI/DerivedData/Build/Products/Debug/SwiftJLITests.xctest/Contents/Extensions --platform macosx --toolchain /var/run/com.apple.security.cryptexd/mnt/com.apple.MobileAsset.MetalToolchain-v27.1.266.1.2eg2cZ/Metal.xctoolchain --toolchain /Applications/Xcode.app/Contents/Developer/Toolchains/XcodeDefault.xctoolchain --destination /Users/suresh/Documents/Codex/2026-09-18/create-coding-agents-to-start-work/work/swift64/xcode/SwiftJLI/DerivedData/Build/Products/Debug/SwiftJLITests.xctest/Contents/Frameworks --strip-bitcode --scan-executable /Applications/Xcode.app/Contents/Developer/Platforms/MacOSX.platform/Developer/usr/lib/libXCTestSwiftSupport.dylib --strip-bitcode-tool /Applications/Xcode.app/Contents/Developer/Toolchains/XcodeDefault.xctoolchain/usr/bin/bitcode_strip --emit-dependency-info /Users/suresh/Documents/Codex/2026-09-18/create-coding-agents-to-start-work/work/swift64/xcode/SwiftJLI/DerivedData/Build/Intermediates.noindex/SwiftJLI.build/Debug/SwiftJLITests-p.build/SwiftStdLibToolInputDependencies.dep --filter-for-swift-os
Ignoring --strip-bitcode because --sign was not passed

ExtractAppIntentsMetadata (in target 'SwiftJLITests-product' from project 'SwiftJLI')
    cd /Users/suresh/Documents/Codex/2026-09-18/create-coding-agents-to-start-work/outputs/SwiftJLI
    /Applications/Xcode.app/Contents/Developer/Toolchains/XcodeDefault.xctoolchain/usr/bin/appintentsmetadataprocessor --toolchain-dir /var/run/com.apple.security.cryptexd/mnt/com.apple.MobileAsset.MetalToolchain-v27.1.266.1.2eg2cZ/Metal.xctoolchain --module-name SwiftJLITests --sdk-root /Applications/Xcode.app/Contents/Developer/Platforms/MacOSX.platform/Developer/SDKs/MacOSX27.0.sdk --xcode-version 27A266a --platform-family macOS --deployment-target 26.0 --bundle-identifier swiftjli.SwiftJLITests --output /Users/suresh/Documents/Codex/2026-09-18/create-coding-agents-to-start-work/work/swift64/xcode/SwiftJLI/DerivedData/Build/Products/Debug/SwiftJLITests.xctest/Contents/Resources --target-triple arm64-apple-macos26.0 --binary-file /Users/suresh/Documents/Codex/2026-09-18/create-coding-agents-to-start-work/work/swift64/xcode/SwiftJLI/DerivedData/Build/Products/Debug/SwiftJLITests.xctest/Contents/MacOS/SwiftJLITests --dependency-file /Users/suresh/Documents/Codex/2026-09-18/create-coding-agents-to-start-work/work/swift64/xcode/SwiftJLI/DerivedData/Build/Intermediates.noindex/SwiftJLI.build/Debug/SwiftJLITests-p.build/Objects-normal/arm64/SwiftJLITests_dependency_info.dat --stringsdata-file /Users/suresh/Documents/Codex/2026-09-18/create-coding-agents-to-start-work/work/swift64/xcode/SwiftJLI/DerivedData/Build/Intermediates.noindex/SwiftJLI.build/Debug/SwiftJLITests-p.build/Objects-normal/arm64/ExtractedAppShortcutsMetadata.stringsdata --source-file-list /Users/suresh/Documents/Codex/2026-09-18/create-coding-agents-to-start-work/work/swift64/xcode/SwiftJLI/DerivedData/Build/Intermediates.noindex/SwiftJLI.build/Debug/SwiftJLITests-p.build/Objects-normal/arm64/SwiftJLITests.SwiftFileList --metadata-file-list /Users/suresh/Documents/Codex/2026-09-18/create-coding-agents-to-start-work/work/swift64/xcode/SwiftJLI/DerivedData/Build/Intermediates.noindex/SwiftJLI.build/Debug/SwiftJLITests-p.build/SwiftJLITests.DependencyMetadataFileList --static-metadata-file-list /Users/suresh/Documents/Codex/2026-09-18/create-coding-agents-to-start-work/work/swift64/xcode/SwiftJLI/DerivedData/Build/Intermediates.noindex/SwiftJLI.build/Debug/SwiftJLITests-p.build/SwiftJLITests.DependencyStaticMetadataFileList --swift-const-vals-list /Users/suresh/Documents/Codex/2026-09-18/create-coding-agents-to-start-work/work/swift64/xcode/SwiftJLI/DerivedData/Build/Intermediates.noindex/SwiftJLI.build/Debug/SwiftJLITests-p.build/Objects-normal/arm64/SwiftJLITests.SwiftConstValuesFileList --compile-time-extraction --deployment-aware-processing --no-app-shortcuts-localization
2026-09-19 03:46:46.986 appintentsmetadataprocessor[13781:2776722] Starting appintentsmetadataprocessor export
2026-09-19 03:46:46.987 appintentsmetadataprocessor[13781:2776722] warning: Metadata extraction skipped, no AppIntents.framework dependency found

RegisterExecutionPolicyException /Users/suresh/Documents/Codex/2026-09-18/create-coding-agents-to-start-work/work/swift64/xcode/SwiftJLI/DerivedData/Build/Products/Debug/SwiftJLITests.xctest (in target 'SwiftJLITests-product' from project 'SwiftJLI')
    cd /Users/suresh/Documents/Codex/2026-09-18/create-coding-agents-to-start-work/outputs/SwiftJLI
    builtin-RegisterExecutionPolicyException /Users/suresh/Documents/Codex/2026-09-18/create-coding-agents-to-start-work/work/swift64/xcode/SwiftJLI/DerivedData/Build/Products/Debug/SwiftJLITests.xctest

Touch /Users/suresh/Documents/Codex/2026-09-18/create-coding-agents-to-start-work/work/swift64/xcode/SwiftJLI/DerivedData/Build/Products/Debug/SwiftJLITests.xctest (in target 'SwiftJLITests-product' from project 'SwiftJLI')
    cd /Users/suresh/Documents/Codex/2026-09-18/create-coding-agents-to-start-work/outputs/SwiftJLI
    /usr/bin/touch -c /Users/suresh/Documents/Codex/2026-09-18/create-coding-agents-to-start-work/work/swift64/xcode/SwiftJLI/DerivedData/Build/Products/Debug/SwiftJLITests.xctest

PruneExplicitPrecompiledModules /Users/suresh/Documents/Codex/2026-09-18/create-coding-agents-to-start-work/work/swift64/xcode/SwiftJLI/DerivedData/Build/Intermediates.noindex/SwiftExplicitPrecompiledModules

PruneExplicitPrecompiledModules /Users/suresh/Documents/Codex/2026-09-18/create-coding-agents-to-start-work/work/swift64/xcode/SwiftJLI/DerivedData/SDKExplicitPrecompiledModules

PruneExplicitPrecompiledModules /Users/suresh/Documents/Codex/2026-09-18/create-coding-agents-to-start-work/work/swift64/xcode/SwiftJLI/DerivedData/Build/Intermediates.noindex/ExplicitPrecompiledModules

2026-09-19 03:46:47.036 xcodebuild[13591:2775891]  DVTAssertions: Warning in IDEFrameworks/IDEFoundation/Execution/LaunchSystem/IDELaunchSession.m:395
Details:  setRunnablePIDWithDiagnostics:logSection:andCompletionHandler: called without a completion handler - blocking until diagnostics setup completes. Callers should migrate to using a completion handler for better performance.
Object:   <IDELaunchSession: 0x762ec24300>
Method:   -setRunnablePIDWithDiagnostics:logSection:andCompletionHandler:
Thread:   <NSThread: 0x7630a7ccc0>{number = 6, name = (null)}
Please file a bug at https://feedbackassistant.apple.com with this warning message and any useful information you can provide.
Test Suite 'All tests' started at 2026-09-19 03:46:48.080.
Test Suite 'All tests' passed at 2026-09-19 03:46:48.081.
	 Executed 0 tests, with 0 failures (0 unexpected) in 0.000 (0.001) seconds
􀟈 Test run started.
􀄵 Testing Library Version: 2084
􀄵 Target Platform: arm64e-apple-macos14.0
􀟈 Test publicOperationsRejectCodecWorkAndAdvertiseEmptyCapabilities() started.
􁁛 Test publicOperationsRejectCodecWorkAndAdvertiseEmptyCapabilities() passed after 0.001 seconds.
􀟈 Test configurationsAndBackendRequestsRejectUnsupportedChoices() started.
􁁛 Test configurationsAndBackendRequestsRejectUnsupportedChoices() passed after 0.001 seconds.
􀟈 Test safeSampleWriterRejectsOutOfRangeWithoutTruncating() started.
􁁛 Test safeSampleWriterRejectsOutOfRangeWithoutTruncating() passed after 0.001 seconds.
􀟈 Test cancellationDuringSyntheticRowsInvalidatesDestination() started.
􁁛 Test cancellationDuringSyntheticRowsInvalidatesDestination() passed after 0.001 seconds.
􀟈 Test cancellationIsCheckedBeforeAllocatingStorage() started.
􁁛 Test cancellationIsCheckedBeforeAllocatingStorage() passed after 0.001 seconds.
􀟈 Test unknownMeasurementsStayUnknownAndMetadataIsBounded() started.
􁁛 Test unknownMeasurementsStayUnknownAndMetadataIsBounded() passed after 0.001 seconds.
􀟈 Test metadataAndDestinationLimitsUseCallerBudget() started.
􁁛 Test metadataAndDestinationLimitsUseCallerBudget() passed after 0.001 seconds.
􀟈 Test explicitLargerMetadataLimitIsHonoured() started.
􁁛 Test explicitLargerMetadataLimitIsHonoured() passed after 0.001 seconds.
􀟈 Test safeSampleAccessHonoursExplicitBigEndian() started.
􁁛 Test safeSampleAccessHonoursExplicitBigEndian() passed after 0.001 seconds.
􀟈 Test decoderPreservesTaskCancellationError() started.
􁁛 Test decoderPreservesTaskCancellationError() passed after 0.001 seconds.
􀟈 Test cancellationInProviderFinalisationPreventsPublication(_:) started.
􀟈 Test case passing 1 argument point → .sealing to cancellationInProviderFinalisationPreventsPublication(_:) started.
​􀟈 Test case passing 1 argument point → .validatingSealedStorage to cancellationInProviderFinalisationPreventsPublication(_:) started.
​􁁛 Test cancellationInProviderFinalisationPreventsPublication(_:) with 2 test cases passed after 0.001 seconds.
􀟈 Test paddedOddSizedSamplesPreservePrecision(_:) started.
􀟈 Test case passing 1 argument precision → 12 to paddedOddSizedSamplesPreservePrecision(_:) started.
​􀟈 Test case passing 1 argument precision → 16 to paddedOddSizedSamplesPreservePrecision(_:) started.
​􁁛 Test paddedOddSizedSamplesPreservePrecision(_:) with 2 test cases passed after 0.001 seconds.
􀟈 Test shortCapacityAndInvalidStrideAreRejected() started.
􁁛 Test shortCapacityAndInvalidStrideAreRejected() passed after 0.001 seconds.
􀟈 Test extremeIntegerInputsThrowWithoutOverflowTraps() started.
􁁛 Test extremeIntegerInputsThrowWithoutOverflowTraps() passed after 0.001 seconds.
􀟈 Test meaningfulPrecisionRejectsInvalidValues() started.
􁁛 Test meaningfulPrecisionRejectsInvalidValues() passed after 0.001 seconds.
􀟈 Test planarDescriptorsMapEveryComponentAndRejectOverlap() started.
􁁛 Test planarDescriptorsMapEveryComponentAndRejectOverlap() passed after 0.001 seconds.
􀟈 Test nativeByteOrderIsResolvedAndColourMeaningValidated() started.
􁁛 Test nativeByteOrderIsResolvedAndColourMeaningValidated() passed after 0.001 seconds.
􀟈 Test independentAllocationAndMemoryCeilingsAreEnforced() started.
􁁛 Test independentAllocationAndMemoryCeilingsAreEnforced() passed after 0.001 seconds.
􀟈 Test paddedStorageCountsTowardsDecodedLimit() started.
􁁛 Test paddedStorageCountsTowardsDecodedLimit() passed after 0.001 seconds.
􀟈 Test pixelAndDimensionLimitsRejectBeforeAllocation() started.
􁁛 Test pixelAndDimensionLimitsRejectBeforeAllocation() passed after 0.001 seconds.
􀟈 Test invalidResourceProfilesAndProgressFailPredictably() started.
􁁛 Test invalidResourceProfilesAndProgressFailPredictably() passed after 0.001 seconds.
􀟈 Test adaptersShareWriterAuthorityAndRejectForgedLease() started.
􁁛 Test adaptersShareWriterAuthorityAndRejectForgedLease() passed after 0.001 seconds.
􀟈 Test reentrantLeaseOperationsRejectWithoutDeadlocking() started.
􁁛 Test reentrantLeaseOperationsRejectWithoutDeadlocking() passed after 0.001 seconds.
􀟈 Test sameTokenCannotAuthoriseConcurrentOverlappingBorrows() started.
􁁛 Test sameTokenCannotAuthoriseConcurrentOverlappingBorrows() passed after 0.001 seconds.
􀟈 Test concurrentAdaptersReserveExactlyOneWriter() started.
􁁛 Test concurrentAdaptersReserveExactlyOneWriter() passed after 0.001 seconds.
􀟈 Test imageRetainsAdapterUntilLastImageReleaseExactlyOnce() started.
􁁛 Test imageRetainsAdapterUntilLastImageReleaseExactlyOnce() passed after 0.001 seconds.
􀟈 Test sealedOwnerSupportsConcurrentReadersAndNestedRead() started.
􁁛 Test sealedOwnerSupportsConcurrentReadersAndNestedRead() passed after 0.001 seconds.
􀟈 Test failedFillInvalidatesDestination() started.
􁁛 Test failedFillInvalidatesDestination() passed after 0.001 seconds.
􀟈 Test abandonedDestinationInvalidatesItsReservedOwner() started.
􁁛 Test abandonedDestinationInvalidatesItsReservedOwner() passed after 0.001 seconds.
􀟈 Suite "Swift 6.4 sample access" started.
􀟈 Test readsIndependentGoldenBytesFromOddPhysicalAddress() started.
􁁛 Test readsIndependentGoldenBytesFromOddPhysicalAddress() passed after 0.001 seconds.
􀟈 Test writesGoldenBytesForPackedAndPadded12And16BitSamples() started.
􁁛 Test writesGoldenBytesForPackedAndPadded12And16BitSamples() passed after 0.001 seconds.
􀟈 Test initialisesExternalSampleBytesAtOddAddressWithoutChangingPadding() started.
􁁛 Test initialisesExternalSampleBytesAtOddAddressWithoutChangingPadding() passed after 0.001 seconds.
􀟈 Test refusesShortProviderBeforeLoadingSample() started.
􁁛 Test refusesShortProviderBeforeLoadingSample() passed after 0.001 seconds.
􀟈 Test rejectsCoordinatesBeforeOffsetArithmetic() started.
􁁛 Test rejectsCoordinatesBeforeOffsetArithmetic() passed after 0.001 seconds.
􀟈 Test outOfPrecisionWriteInvalidatesDestination() started.
􁁛 Test outOfPrecisionWriteInvalidatesDestination() passed after 0.001 seconds.
􁁛 Suite "Swift 6.4 sample access" passed after 0.001 seconds.
􁁛 Test run with 35 tests in 1 suite passed after 0.011 seconds.
2026-09-19 03:46:48.365 xcodebuild[13591:2775813] [MT] IDETestOperationsObserverDebug: 1.353 elapsed -- Testing started completed.
2026-09-19 03:46:48.365 xcodebuild[13591:2775813] [MT] IDETestOperationsObserverDebug: 0.000 sec, +0.000 sec -- start
2026-09-19 03:46:48.365 xcodebuild[13591:2775813] [MT] IDETestOperationsObserverDebug: 1.353 sec, +1.353 sec -- end

Test session results, code coverage, and logs:
	/Users/suresh/Documents/Codex/2026-09-18/create-coding-agents-to-start-work/work/swift64/xcode/SwiftJLI/Tests.xcresult

** TEST SUCCEEDED **

Testing started
